muscleNstrength,exRx,result,confidence
snatch grip barbell shrug,Barbell Shrug,True,0.6736805555555556
lying cable shrug,Cable Shrug,True,0.7496732026143791
dumbbell shrug,Dumbbell Shrug,True,1.0
dumbbell shrug,Barbell Shrug,True,0.7782738095238095
seated cable shrug,Cable Shrug,True,0.7425925925925926
seated cable shrug,Cambered Barbell Seated Shrug,True,0.6436097427476738
inverted shrug,Suspended Inverted Shrug,True,0.7533950617283951
cable shrug,Cable Shrug,True,1.0
cable shrug,Cable Bar Shrug,True,0.8148148148148149
overhead barbell shrug,Cambered Barbell Seated Shrug,True,0.6980663314176245
overhead barbell shrug,Barbell Shrug,True,0.7261994949494949
clean shrug,Cable Shrug,True,0.7867424242424241
trap bar shrug,Trap Bar Shrug,True,1.0
smith machine shrug,Smith Shrug,True,0.7444583681425787
barbell shrug,Dumbbell Shrug,True,0.8080357142857142
barbell shrug,Cambered Barbell Seated Shrug,True,0.6603482484948002
barbell shrug,Cable Bar Shrug,True,0.7067460317460317
barbell shrug,Barbell Shrug,True,1.0
snatch shrug,Smith Shrug,True,0.7652777777777777
seated dumbbell shrug,Dumbbell Shrug,True,0.7641534391534391
seated dumbbell shrug,Cambered Barbell Seated Shrug,True,0.6665768678160919
smith machine front squat,Smith Front Squat,True,0.8061507936507937
smith machine front squat,Smith Squat,True,0.6528174603174604
front squat,Barbell Front Squat,True,0.7434419381787803
front squat,Dumbbell Front Squat,True,0.7284722222222222
front squat,Weighted Front Squat,True,0.7284722222222222
front squat,Smith Front Squat,True,0.7901960784313726
front squat,Squat,True,0.6151515151515152
single leg valslide leg curl,Single Leg Hanging Hamstring Bridge Curl,True,0.6752232142857144
single leg valslide leg curl,Lever Single Leg Seated Leg Curl,True,0.7625694444444444
dumbbell wall squat,Dumbbell Squat,True,0.8253654970760234
dumbbell stiff leg deadlift,Barbell Straight Leg Deadlift,True,0.7688423645320197
dumbbell stiff leg deadlift,Dumbbell Straight Leg Deadlift,True,0.8628472222222223
leg curl,Hanging Leg Curl,True,0.7076719576719577
leg curl,Lever Single Leg Seated Leg Curl,True,0.5594444444444444
leg curl,Lever Alternating Lying Leg Curl,True,0.5587373737373738
leg curl,Lever Seated Leg Curl,True,0.639781746031746
leg curl,Inverse Leg Curl,True,0.7053571428571429
leg curl,Cable Lying Leg Curl,True,0.6465277777777778
leg curl,Suspended Leg Curl,True,0.6766975308641975
leg curl,Lever Kneeling Leg Curl,True,0.6223505434782608
leg curl,Lever Lying Leg Curl,True,0.6499999999999999
leg curl,Suspended Hanging Leg Curl,True,0.5879566035816036
leg curl,Barbell Inverse Leg Curl,True,0.6078869047619048
leg curl,Weighted Inverse Leg Curl,True,0.6039484126984127
split squat jump,Dumbbell Split Squat,True,0.7055555555555556
split squat jump,Split Squat,True,0.8006944444444445
split squat jump,Smith Split Squat,True,0.7582516339869281
dumbbell goblet squat,Dumbbell Split Squat,True,0.8362433862433862
dumbbell goblet squat,Dumbbell Front Squat,True,0.8185185185185186
dumbbell goblet squat,Dumbbell Squat,True,0.784887566137566
dumbbell rear lunge,Barbell Rear Lunge,True,0.8404866332497911
dumbbell rear lunge,Sled Rear Lunge,True,0.7258040935672514
dumbbell rear lunge,Dumbbell Rear Lunge,True,1.0
dumbbell rear lunge,Rear Lunge,True,0.6993421052631579
straight leg deadlift,Barbell Straight Leg Deadlift,True,0.8301989258347018
straight leg deadlift,Cable Straight Leg Deadlift,True,0.8607638888888889
straight leg deadlift,Trap Bar Straight Leg Deadlift,True,0.8097222222222222
straight leg deadlift,Dumbbell Straight Leg Deadlift,True,0.8239583333333333
straight leg deadlift,Smith Straight Leg Deadlift,True,0.8690972222222222
dumbbell side lunge,Barbell Side Lunge,True,0.8404866332497911
dumbbell side lunge,Dumbbell Side Lunge,True,1.0
dumbbell side lunge,Dumbbell Alternating Side Lunge,True,0.7715298142717497
dumbbell side lunge,Dumbbell Lunge,True,0.8249269005847953
speed squats,Sled Squat,True,0.8
sumo squat,Squat,True,0.6875
leg extension,Cable Standing Leg Extension,True,0.6749669312169313
leg extension,Lever Alternating Leg Extension,True,0.665443412620832
leg extension,Lever Leg Extension,True,0.8161793372319688
one leg 45 degree leg press,Sled 45° Leg Press,True,0.6868364197530864
smith machine zercher squat,Smith Squat,True,0.6358245149911816
kettlebell walking lunge,Barbell Walking Lunge,True,0.7831349206349207
single leg extension,Lever Leg Extension,True,0.7907407407407407
decline bench dumbbell lunge,Dumbbell Lunge,True,0.678844246031746
banded trap bar deadlift,Trap Bar Straight Leg Deadlift,True,0.7
paused trap bar deadlift,Trap Bar Straight Leg Deadlift,True,0.6904513888888889
safety bar squat,Trap Bar Squat,True,0.7452546296296296
safety bar squat,Cable Bar Squat,True,0.7575231481481481
safety bar squat,Barbell Squat,True,0.6644841269841271
safety bar squat,Safety Barbell Squat,True,0.8515873015873017
dumbbell goblet split squat,Dumbbell Split Squat,True,0.8378086419753086
dumbbell goblet split squat,Split Squat,True,0.623900462962963
dumbbell goblet split squat,Cable Split Squat,True,0.6750385802469135
dumbbell goblet split squat,Dumbbell Squat,True,0.697704475308642
dumbbell goblet split squat,Barbell Split Squat,True,0.7192708333333333
leg press,Lever Seated Leg Press,True,0.6538510101010101
leg press,Sled Vertical Leg Press,True,0.6461730072463768
leg press,Sled Single Leg Vertical Leg Press,True,0.5677696078431372
leg press,Sled Single Leg Lying Leg Press,True,0.5818279569892473
leg press,Sled Lying Leg Press,True,0.6770833333333334
leg press,Lever Alternating Lying Leg Press,True,0.5701010101010101
leg press,Sled Seated Leg Press,True,0.6656746031746031
leg press,Lever Single Leg Seated Leg Press,True,0.5708080808080808
weighted sissy squat,Weighted Sissy Squat,True,1.0
weighted sissy squat,Sissy Squat,True,0.7034722222222222
dumbbell split jump,Dumbbell Split Squat,True,0.8486111111111111
front foot elevated dumbbell split squat,Barbell Front Squat,True,0.5738591269841269
front foot elevated dumbbell split squat,Dumbbell Split Squat,True,0.675
front foot elevated dumbbell split squat,Dumbbell Front Squat,True,0.6430555555555556
trap bar romanian deadlift,Trap Bar Straight Leg Deadlift,True,0.7559027777777778
one-leg lying cable hamstring curl,Cable Bent-over Leg Curl,True,0.6065378929349518
one-leg lying cable hamstring curl,Cable Lying Leg Curl,True,0.6341892312480547
barbell lateral lunge,Barbell Side Lunge,True,0.7714285714285715
barbell lateral lunge,Barbell Lunge,True,0.7827380952380952
barbell lateral lunge,Barbell Rear Lunge,True,0.7982804232804233
barbell lateral lunge,Barbell Walking Lunge,True,0.798611111111111
front foot elevated smith machine split squat,Smith Front Squat,True,0.5881708238851096
front foot elevated smith machine split squat,Smith Split Squat,True,0.6049697656840514
double kettlebell split squat,Dumbbell Split Squat,True,0.7317987707535121
double kettlebell split squat,Split Squat,True,0.6029693486590039
double kettlebell split squat,Cable Split Squat,True,0.6627155172413793
trap bar deadlift,Trap Bar Straight Leg Deadlift,True,0.7375
trap bar deadlift,Trap Bar Straight-back Straight-leg Deadlift,True,0.6169733044733045
bodyweight lunge,Lunge,True,0.5541666666666667
seated leg curl,Lever Single Leg Seated Leg Curl,True,0.6965972222222222
seated leg curl,Lever Seated Leg Curl,True,0.8376984126984126
seated leg curl,Lever Standing Leg Curl,True,0.6634007648953302
seated leg curl,Suspended Leg Curl,True,0.7746913580246914
seated leg curl,Weighted Inverse Leg Curl,True,0.6607208994708995
single leg curl,Single Leg Hanging Hamstring Bridge Curl,True,0.6260141093474427
single leg curl,Lever Single Leg Seated Leg Curl,True,0.6965972222222222
single leg curl,Inverse Leg Curl,True,0.7894345238095237
single leg curl,Cable Lying Leg Curl,True,0.6958333333333333
single leg curl,Lever Lying Leg Curl,True,0.6993055555555556
single leg curl,Weighted Inverse Leg Curl,True,0.6486805555555555
zerchers squat,Barbell Zercher Squat,True,0.738938492063492
single leg one dumbbell deadlift,Dumbbell Straight Leg Deadlift,True,0.6803819444444444
cycled split squat jump,Split Squat,True,0.6510718599033817
ipsilateral load dumbbell rear lunge,Dumbbell Rear Lunge,True,0.6969065656565656
dumbbell jumping squat,Dumbbell Split Squat,True,0.7862193362193363
dumbbell jumping squat,Dumbbell Squat,True,0.7699314574314575
dumbbell split squat,Dumbbell Single Leg Split Squat,True,0.7520250896057348
dumbbell split squat,Dumbbell Split Squat,True,1.0
dumbbell split squat,Split Squat,True,0.7034722222222222
dumbbell split squat,Barbell Side Split Squat,True,0.7644097222222221
dumbbell split squat,Smith Split Squat,True,0.73125
dumbbell split squat,Dumbbell Squat,True,0.8166666666666667
dumbbell split squat,Barbell Split Squat,True,0.846626984126984
dumbbell step up,Dumbbell Lateral Step-up,True,0.7422619047619048
dumbbell step up,Dumbbell Step-up,True,0.90625
trap bar deficit deadlift,Trap Bar Straight Leg Deadlift,True,0.7684523809523809
machine hack squat,Barbell Hack Squat,True,0.746031746031746
machine hack squat,Smith Hack Squat,True,0.770899470899471
counterbalanced skater squat,Squat,True,0.5056878306878306
split squat,Dumbbell Split Squat,True,0.7284722222222222
split squat,Split Squat,True,1.0
split squat,Cable Split Squat,True,0.7790849673202616
split squat,Barbell Side Split Squat,True,0.6717261904761904
split squat,Smith Split Squat,True,0.8013071895424837
split squat,Squat,True,0.6621212121212121
split squat,Barbell Split Squat,True,0.7434419381787803
split squat,Smith Squat,True,0.7893939393939393
valslide leg curl,Inverse Leg Curl,True,0.7619631185807656
narrow squat,Squat,True,0.5986111111111111
stiff leg deadlift,Smith Straight Leg Deadlift,True,0.7105131172839505
barbell side split squat,Dumbbell Split Squat,True,0.7817708333333333
barbell side split squat,Barbell Squat,True,0.7135416666666667
barbell side split squat,Split Squat,True,0.6508928571428572
barbell side split squat,Safety Barbell Squat,True,0.6965277777777779
barbell side split squat,Barbell Side Split Squat,True,1.0
barbell side split squat,Barbell Split Squat,True,0.8729166666666666
barbell reverse lunge,Barbell Lunge,True,0.7619047619047619
barbell reverse lunge,Barbell Rear Lunge,True,0.8353174603174602
barbell hack squat,Barbell Squat,True,0.8087962962962963
barbell hack squat,Safety Barbell Squat,True,0.7486111111111111
barbell hack squat,Barbell Hack Squat,True,1.0
split snatch,Split Squat,True,0.7861111111111112
barbell lunge,Barbell Side Lunge,True,0.8087962962962963
barbell lunge,Barbell Lunge,True,1.0
barbell lunge,Barbell Rear Lunge,True,0.8042328042328043
barbell lunge,Barbell Walking Lunge,True,0.7619047619047619
barbell lunge,Lunge,True,0.5847985347985348
barbell lunge,Dumbbell Lunge,True,0.8080357142857142
one leg hack squat,Sled Hack Squat,True,0.7633101851851851
one leg hack squat,Sled Single Leg Hack Squat,True,0.7314102564102565
dumbbell lunge,Barbell Lunge,True,0.7782738095238095
dumbbell lunge,Dumbbell Walking Lunge,True,0.7645743145743147
dumbbell lunge,Dumbbell Side Lunge,True,0.8249269005847953
dumbbell lunge,Dumbbell Alternating Side Lunge,True,0.6648429863147605
dumbbell lunge,Lunge,True,0.5866071428571429
dumbbell lunge,Dumbbell Lunge,True,1.0
ipsilateral load split squat,Split Squat,True,0.6265827922077922
ipsilateral load split squat,Smith Split Squat,True,0.6549558080808081
barbell jumping squats,Barbell Squat,True,0.7302729677729678
walking barbell lunge,Barbell Lunge,True,0.746031746031746
walking barbell lunge,Dumbbell Walking Lunge,True,0.7511724386724385
walking barbell lunge,Barbell Walking Lunge,True,0.8015873015873016
smith machine stiff leg deadlift,Smith Straight Leg Deadlift,True,0.7695039682539682
split squat with banded adduction,Split Squat,True,0.5981481481481481
smith machine one leg squat,Smith Single Leg Squat,True,0.7832782186948855
smith machine one leg squat,Smith Single Leg Split Squat,True,0.7620634920634921
smith machine squat,Smith Split Squat,True,0.7748677248677248
smith machine squat,Smith Hack Squat,True,0.7921888053467001
smith machine squat,Smith Squat,True,0.7444583681425787
bodyweight side lunge,Dumbbell Side Lunge,True,0.7267857142857144
reverse lunge sled walk,Sled Rear Lunge,True,0.6027324879227053
barbell back squat,Barbell Squat,True,0.8181216931216931
barbell back squat,Safety Barbell Squat,True,0.7579365079365079
barbell back squat,Barbell Split Squat,True,0.8013575605680869
barbell back squat,Barbell Hack Squat,True,0.9444444444444444
dumbbell squat,Dumbbell Split Squat,True,0.8166666666666667
dumbbell squat,Barbell Squat,True,0.7782738095238095
dumbbell squat,Dumbbell Front Squat,True,0.7972222222222223
dumbbell squat,Safety Barbell Squat,True,0.6624503968253967
dumbbell squat,Squat,True,0.5730654761904761
dumbbell squat,Dumbbell Squat,True,1.0
double kettlebell front squat,Dumbbell Front Squat,True,0.7317987707535121
narrow smith machine squat,Smith Squat,True,0.6246871184371184
plie squat,Split Squat,True,0.8549242424242425
dumbbell walking lunge,Dumbbell Walking Lunge,True,1.0
dumbbell walking lunge,Barbell Walking Lunge,True,0.8572330447330447
dumbbell walking lunge,Dumbbell Lunge,True,0.7645743145743147
reverse grip incline bench cable row,Cable Incline Row,True,0.6052579365079365
incline bench two arm dumbbell row,Dumbbell Incline Row,True,0.6038865546218487
incline bench barbell row,Dumbbell Incline Row,True,0.6538343253968253
incline bench cable row,Cable Straight Back Incline Row,True,0.6101971326164874
incline bench cable row,Cable Incline Row,True,0.7117494824016564
one-arm seated cable row,Cable One Arm Seated Row,True,0.8055555555555556
one-arm seated cable row,Cable One Arm Bent-over Row,True,0.7078924162257496
inverted rope row,Suspended Inverted Row,True,0.7140852974186307
inverted rope row,Inverted Row,True,0.8297930283224402
inverted rope row,Weighted Inverted Row,True,0.7361772486772487
seated cable row,Cable One Arm Seated Row,True,0.6569444444444444
seated cable row,Cable Alternating Seated High Row,True,0.5978787878787879
seated cable row,Cable Wide Grip Seated Row,True,0.6364529914529915
seated cable row,Cable Twisting Seated Row,True,0.6612152777777778
seated cable row,Cable Standing Row,True,0.6527777777777778
seated cable row,Cable Straight Back Seated Row,True,0.6204166666666666
seated cable row,Cable Standing Low Row,True,0.6076914983164983
seated cable row,Cable Wide Grip Straight Back Seated Row,True,0.5564484126984127
seated cable row,Cable Kneeling Row,True,0.638425925925926
seated cable row,Cable Seated High Row,True,0.6994047619047619
seated cable row,Lever Seated Row,True,0.7317129629629631
seated cable row,Cable Seated Row,True,0.8020833333333334
seated cable row,Cable Incline Row,True,0.6731248054777466
bent over dumbbell row,Dumbbell Bent-over Row,True,0.7151515151515151
bent over dumbbell row,Barbell Bent-over Row,True,0.6903747294372294
seated high cable row,Lever Alternating Seated High Row,True,0.6588383838383838
seated high cable row,Cable Alternating Seated High Row,True,0.7034343434343434
seated high cable row,Cable Twisting Seated High Row,True,0.71875
seated high cable row,Cable Twisting Seated Row,True,0.6273611111111111
seated high cable row,Lever Seated High Row,True,0.7964285714285715
seated high cable row,Lever Seated High Row,True,0.7964285714285715
seated high cable row,Cable Twisting Standing High Row,True,0.5977430555555555
seated high cable row,Cable One Arm Seated High Row,True,0.7158365261813537
seated high cable row,Cable Seated High Row,True,0.8492063492063492
seated high cable row,Cable Seated Row,True,0.6676587301587302
seated high cable row,Cable One Arm Straight Back Seated High Row,True,0.6173308301033591
smith machine deadlift,Smith Deadlift,True,0.7743626743626744
reverse grip smith machine bent-over row,Smith Bent-over Row,True,0.6804563492063492
reverse grip smith machine bent-over row,Barbell Close Grip Bent-over Row,True,0.7009495464852606
weighted inverted row,Suspended Inverted Row,True,0.7750982042648709
weighted inverted row,Inverted Row,True,0.7355158730158731
weighted inverted row,Weighted Inverted Row,True,1.0
inverted row,Suspended Inverted Row,True,0.7295173961840629
inverted row,Inverted Row,True,1.0
inverted row,Weighted Inverted Row,True,0.7593253968253968
palms in bent-over dumbbell row,Barbell Close Grip Bent-over Row,True,0.6725375566893425
palms in bent-over dumbbell row,Dumbbell Bent-over Row,True,0.6856086789554532
palms in bent-over dumbbell row,Barbell Bent-over Row,True,0.6696318850120693
palms in bent-over dumbbell row,Barbell Underhand Bent-over Row,True,0.675225665236226
reverse grip bent-over dumbbell row,Barbell Close Grip Bent-over Row,True,0.7693310657596373
reverse grip bent-over dumbbell row,Dumbbell Bent-over Row,True,0.6670068027210885
reverse grip bent-over dumbbell row,Barbell Bent-over Row,True,0.6719387755102041
reverse grip bent-over dumbbell row,Barbell Underhand Bent-over Row,True,0.6750747984378938
one arm machine row,Cable One Arm Seated Row,True,0.6919444444444445
one-arm bent-over row,Smith Bent-over Row,True,0.7640806878306878
one-arm bent-over row,Barbell Close Grip Bent-over Row,True,0.6904135959939531
one-arm bent-over row,Dumbbell Bent-over Row,True,0.7635521885521885
one-arm bent-over row,Cable One Arm Bent-over Row,True,0.8529100529100528
one-arm bent-over row,Barbell Bent-over Row,True,0.8067791005291005
one-arm bent-over row,Barbell Underhand Bent-over Row,True,0.6896743613813506
one-arm bent-over row,Lever One Arm Bent-over Row (plate loaded),True,0.6646103896103897
weight vest weighted inverted row,Inverted Row,True,0.6119444444444444
weight vest weighted inverted row,Weighted Inverted Row,True,0.7994318181818182
high inverted row,Lever Seated High Row,True,0.6216683201058201
high inverted row,Lever Seated High Row,True,0.6216683201058201
high inverted row,Inverted Row,True,0.7832924836601307
high inverted row,Weighted Inverted Row,True,0.7966269841269842
dumbbell deadlift,Barbell Deadlift,True,0.8076855742296918
dumbbell deadlift,Barbell Deficit Deadlift,True,0.6852678571428571
dumbbell deadlift,Dumbbell Straight Leg Deadlift,True,0.7196180555555556
smith machine bent-over row,Smith Bent-over Row,True,0.827557319223986
smith machine bent-over row,Dumbbell Bent-over Row,True,0.7022486772486773
smith machine bent-over row,Barbell Bent-over Row,True,0.7002535273368606
cable palm rotational row,Cable Incline Row,True,0.6531547619047618
superman,Contralateral Superman,True,0.6153117715617715
single leg hip thrust,Single Leg Hip Bridge,True,0.8447420634920634
barbell hip thrust,Barbell Hip Thrust,True,1.0
standing glute kickback,Lever Standing Glute Kickback,True,0.871551724137931
standing glute kickback,Sled Kneeling Glute Kickback,True,0.776686507936508
standing glute kickback,Lever Kneeling Glute Kickback,True,0.7309865900383141
standing glute kickback,Sled Standing Glute Kickback,True,0.887797619047619
wide smith machine squat,Smith Wide Squat,True,0.7367063492063493
wide smith machine squat,Smith Squat,True,0.6419146825396825
banded hip thruster,Barbell Hip Thrust,True,0.7862364243943192
single leg glute bridge,Single Leg Hip Bridge,True,0.8294987922705315
hip extensions,Lever Alternating Kneeling Hip Extension,True,0.594659090909091
hip extensions,Lever Kneeling Hip Extension,True,0.6743303571428572
hip extensions,Lever Standing Hip Extension,True,0.6738095238095239
hip extensions,Lever Lying Hip Extension,True,0.6940277777777778
hip extensions,Lever Alternating Lying Hip Extension,True,0.6013069888069889
hip extensions,Cable Standing Hip Extension,True,0.6675595238095238
smith machine incline bench press,Dumbbell Incline Bench Press,True,0.7391477272727274
smith machine incline bench press,Smith Bench Press,True,0.7088744588744589
smith machine incline bench press,Smith Incline Bench Press,True,0.8594516594516595
smith machine incline bench press,Cable Incline Bench Press,True,0.756991341991342
smith machine incline bench press,Lever Incline Bench Press,True,0.7186435786435786
smith machine incline bench press,Barbell Incline Bench Press,True,0.7397474747474747
smith machine incline bench press,Smith Decline Bench Press,True,0.8127705627705628
push up,Push-up Plus,True,0.6770833333333335
dumbbell flys,Dumbbell Decline Fly,True,0.7318121693121693
dumbbell flys,Dumbbell Fly,True,0.9407051282051282
dumbbell flys,Dumbbell Incline Fly,True,0.7296626984126984
incline bench press,Lever Decline Bench Press,True,0.758888888888889
incline bench press,Dumbbell Incline Bench Press,True,0.7983630952380952
incline bench press,Cable Bar Incline Bench Press,True,0.786951286261631
incline bench press,Smith Incline Bench Press,True,0.8466666666666667
incline bench press,Cable Incline Bench Press,True,0.8597619047619047
incline bench press,Lever Incline Bench Press,True,0.8466666666666667
incline bench press,Barbell Incline Bench Press,True,0.8244708994708995
incline bench press,Barbell Decline Bench Press,True,0.7411375661375661
incline bench press,Cable Bench Press,True,0.7881370091896407
incline bench press,Dumbbell Decline Bench Press,True,0.7170138888888888
incline bench press,Smith Decline Bench Press,True,0.788888888888889
incline bench press,Barbell Guillotine Bench Press,True,0.6983134920634921
incline bench press,Lever Parallel Grip Incline Bench Press,True,0.6810897435897436
incline bench press,Barbell Bench Press,True,0.7340016708437761
reverse grip bench press,Lever Bench Press,True,0.739236111111111
reverse grip bench press,Lever Parallel Grip Incline Bench Press,True,0.6954441391941392
reverse dumbbell bench press,Dumbbell Incline Bench Press,True,0.7857142857142856
reverse dumbbell bench press,Lever Bench Press,True,0.6934771825396826
reverse dumbbell bench press,Dumbbell Decline Bench Press,True,0.7857142857142856
reverse dumbbell bench press,Dumbbell Bench Press,True,0.819047619047619
reverse dumbbell bench press,Barbell Bench Press,True,0.7363343253968253
neutral grip dumbbell bench press,Dumbbell Bench Press,True,0.7376406926406927
self-assisted straight bar dip,Self-assisted Chest Dip,True,0.7463657407407407
incline dumbbell twist fly,Dumbbell Decline Fly,True,0.6876984126984127
incline dumbbell twist fly,Dumbbell Incline Fly,True,0.7154761904761906
standing cable fly,Cable Standing Fly,True,0.8240740740740741
standing cable fly,Cable Lying Fly,True,0.6405092592592592
standing cable fly,Cable Decline Fly,True,0.6487103174603174
standing cable fly,Cable Seated Fly,True,0.6527777777777778
standing cable fly,Cable Standing Incline Fly,True,0.7554029304029304
standing cable fly,Cable Incline Fly,True,0.6620039682539682
dumbbell bench press,Dumbbell Incline Bench Press,True,0.8238095238095238
dumbbell bench press,Barbell Incline Bench Press,True,0.7182787698412698
dumbbell bench press,Barbell Decline Bench Press,True,0.7182787698412698
dumbbell bench press,Dumbbell Decline Bench Press,True,0.8238095238095238
dumbbell bench press,Dumbbell Bench Press,True,1.0
dumbbell bench press,Barbell Guillotine Bench Press,True,0.6897569444444445
dumbbell bench press,Barbell Bench Press,True,0.846626984126984
alternating dumbbell fly,Dumbbell Fly,True,0.6853956228956228
reverse grip incline bench press,Lever Decline Bench Press,True,0.7494791666666667
reverse grip incline bench press,Smith Incline Bench Press,True,0.7433928571428572
reverse grip incline bench press,Cable Incline Bench Press,True,0.7476339285714285
reverse grip incline bench press,Lever Incline Bench Press,True,0.802157738095238
reverse grip incline bench press,Barbell Incline Bench Press,True,0.7717410714285714
reverse grip incline bench press,Lever Parallel Grip Incline Bench Press,True,0.8231547619047619
incline dumbbell bench press,Dumbbell Incline Bench Press,True,0.8333333333333333
incline dumbbell bench press,Cable Bar Incline Bench Press,True,0.7530791598248494
incline dumbbell bench press,Smith Incline Bench Press,True,0.7651041666666667
incline dumbbell bench press,Cable Incline Bench Press,True,0.7849702380952381
incline dumbbell bench press,Lever Incline Bench Press,True,0.7651041666666667
incline dumbbell bench press,Barbell Incline Bench Press,True,0.8058035714285714
incline dumbbell bench press,Barbell Decline Bench Press,True,0.7284226190476191
incline dumbbell bench press,Dumbbell Decline Bench Press,True,0.8095238095238095
incline dumbbell bench press,Dumbbell Bench Press,True,0.8119047619047619
incline dumbbell bench press,Barbell Guillotine Bench Press,True,0.6980654761904762
incline dumbbell bench press,Barbell Bench Press,True,0.7143105158730159
wide grip decline bench press,Barbell Decline Bench Press,True,0.7713752052545155
wide grip decline bench press,Dumbbell Decline Bench Press,True,0.7784616174055828
lying cable pullover,Cable Lying Fly,True,0.6199074074074074
knee push-up,Push-up,True,0.6875
knee push-up,Incline Push-up,True,0.7274801587301587
knee push-up,Depth Push-up,True,0.7396634615384615
knee push-up,Pike Push-up,True,0.8402777777777777
knee push-up,Push-up Plus,True,0.6770833333333334
knee push-up,Decline Push-up,True,0.7274801587301587
knee push-up,Weighted Push-up,True,0.6822916666666666
t-push up,Push-up,True,0.7152777777777778
t-push up,Push-up Plus,True,0.6354166666666667
cable inner chest press,Cable Twisting Chest Press,True,0.803926282051282
cable inner chest press,Cable Decline Chest Press,True,0.8330952380952381
cable inner chest press,Cable Standing Incline Chest Press,True,0.727531512605042
cable inner chest press,Cable One Arm Chest Press,True,0.8338888888888888
cable inner chest press,Cable Standing Chest Press,True,0.7971554487179486
cable inner chest press,Cable Incline Chest Press,True,0.8657142857142857
cable inner chest press,Cable Chest Press,True,0.8289855072463768
alternating dumbbell bench press on exercise ball,Dumbbell Bench Press,True,0.6235312306740878
floor press,Barbell Floor Press,True,0.7529657477025898
neutral grip incline dumbbell bench press,Dumbbell Incline Bench Press,True,0.7065984320557491
neutral grip incline dumbbell bench press,Barbell Incline Bench Press,True,0.6816244434765776
neutral grip incline dumbbell bench press,Dumbbell Decline Bench Press,True,0.6664319589624468
neutral grip incline dumbbell bench press,Dumbbell Bench Press,True,0.6715882694541231
neutral grip incline dumbbell bench press,Lever Parallel Grip Incline Bench Press,True,0.7618870176797006
guillotine press,Barbell Guillotine Bench Press,True,0.7003968253968254
decline dumbbell twist fly,Dumbbell Decline Fly,True,0.7282967032967034
decline dumbbell twist fly,Dumbbell Incline Fly,True,0.7005189255189255
chest dip,Chest Dip,True,1.0
chest dip,Weighted Chest Dip,True,0.7125
chest dip,Suspended Chest Dip,True,0.693632228719948
chest dip,Lever Chest Dip,True,0.7555555555555555
chest dip,Cable Chest Dip,True,0.7666666666666666
chest dip,Lever Chest Dip,True,0.7555555555555555
decline cable chest press,Cable Twisting Chest Press,True,0.7529189560439561
decline cable chest press,Cable One Arm Standing Incline Chest Press,True,0.634764739229025
decline cable chest press,Lever Decline Chest Press,True,0.8264285714285714
decline cable chest press,Cable Standing Decline Chest Press,True,0.7514950980392157
decline cable chest press,Cable Decline Chest Press,True,0.88
decline cable chest press,Cable Bar Standing Decline Chest Press,True,0.7063657407407408
decline cable chest press,Cable Standing Incline Chest Press,True,0.7080077030812325
decline cable chest press,Lever Alternating Decline Chest Press,True,0.691064116064116
decline cable chest press,Cable Bar Standing Incline Chest Press,True,0.6667876287942078
decline cable chest press,Cable One Arm Chest Press,True,0.7442063492063492
decline cable chest press,Cable Twisting Standing Chest Press,True,0.6555357142857142
decline cable chest press,Cable Standing Chest Press,True,0.7461481227106227
decline cable chest press,Cable Incline Chest Press,True,0.8061904761904762
decline cable chest press,Cable Bar Standing Chest Press,True,0.6885119047619048
decline cable chest press,Cable Chest Press,True,0.7997619047619047
dumbbell bench press rotational grip,Dumbbell Bench Press,True,0.7236111111111112
decline cable flys,Cable Lying Fly,True,0.6415343915343915
decline cable flys,Cable Decline Fly,True,0.7916666666666667
decline cable flys,Cable Standing Incline Fly,True,0.6078659188034188
decline cable flys,Cable Incline Fly,True,0.6904761904761905
smith machine bench press,Smith Bench Press,True,0.8061507936507937
smith machine bench press,Smith Incline Bench Press,True,0.9042857142857144
smith machine bench press,Smith Decline Bench Press,True,0.9042857142857144
barbell pullover,Dumbbell Pullover,True,0.8321953781512604
hammer strength machine incline bench press,Cable Incline Bench Press,True,0.6776385812723021
hammer strength machine incline bench press,Lever Incline Bench Press,True,0.6656738341331364
exercise ball dumbbell fly,Dumbbell Decline Fly,True,0.6304754273504274
exercise ball dumbbell fly,Dumbbell Fly,True,0.6455662393162394
wide grip incline bench press,Dumbbell Incline Bench Press,True,0.7778663793103447
wide grip incline bench press,Cable Incline Bench Press,True,0.767175697865353
wide grip incline bench press,Lever Parallel Grip Incline Bench Press,True,0.7466880341880342
decline bench press,Lever Decline Bench Press,True,0.8466666666666667
decline bench press,Dumbbell Incline Bench Press,True,0.7528521825396826
decline bench press,Cable Bar Incline Bench Press,True,0.7184510125889436
decline bench press,Smith Incline Bench Press,True,0.758888888888889
decline bench press,Cable Incline Bench Press,True,0.781984126984127
decline bench press,Lever Incline Bench Press,True,0.768888888888889
decline bench press,Barbell Incline Bench Press,True,0.7503968253968254
decline bench press,Barbell Decline Bench Press,True,0.8244708994708995
decline bench press,Cable Bench Press,True,0.7881370091896407
decline bench press,Dumbbell Decline Bench Press,True,0.8074156746031746
decline bench press,Smith Decline Bench Press,True,0.8466666666666667
decline bench press,Barbell Bench Press,True,0.7559314954051797
resistance banded dumbbell bench press,Dumbbell Incline Bench Press,True,0.6846814954051796
resistance banded dumbbell bench press,Dumbbell Decline Bench Press,True,0.6897410192147034
resistance banded dumbbell bench press,Dumbbell Bench Press,True,0.7155555555555556
resistance banded dumbbell bench press,Barbell Bench Press,True,0.6587426900584794
wide grip barbell bench press,Barbell Decline Bench Press,True,0.7332286535303777
wide grip barbell bench press,Barbell Guillotine Bench Press,True,0.7198611111111111
wide grip barbell bench press,Barbell Bench Press,True,0.7586781609195403
barbell bench press,Dumbbell Incline Bench Press,True,0.7232390873015873
barbell bench press,Barbell Behind Neck Press,True,0.7747685185185185
barbell bench press,Cable Bar Incline Bench Press,True,0.7040038314176245
barbell bench press,Barbell Board Press,True,0.8233082706766918
barbell bench press,Barbell Incline Bench Press,True,0.8182980599647266
barbell bench press,Barbell Decline Bench Press,True,0.8182980599647266
barbell bench press,Cable Bench Press,True,0.7837928153717627
barbell bench press,Dumbbell Decline Bench Press,True,0.7232390873015873
barbell bench press,Cable Bar Bench Press,True,0.7899801587301587
barbell bench press,Dumbbell Bench Press,True,0.8674603174603174
barbell bench press,Barbell Guillotine Bench Press,True,0.779563492063492
barbell bench press,Barbell Bench Press,True,1.0
exercise ball dumbbell bench press,Dumbbell Incline Bench Press,True,0.7038103991596638
exercise ball dumbbell bench press,Barbell Decline Bench Press,True,0.6767113095238095
exercise ball dumbbell bench press,Dumbbell Decline Bench Press,True,0.7138550420168066
exercise ball dumbbell bench press,Dumbbell Bench Press,True,0.731078431372549
exercise ball dumbbell bench press,Barbell Bench Press,True,0.6795424836601307
cable chest press,Cable Twisting Chest Press,True,0.7923878205128205
cable chest press,Cable Shoulder Press,True,0.7541666666666667
cable chest press,Cable One Arm Standing Incline Chest Press,True,0.6359552154195012
cable chest press,Cable Standing Decline Chest Press,True,0.7058928571428571
cable chest press,Cable Decline Chest Press,True,0.8197619047619047
cable chest press,Cable Bar Standing Decline Chest Press,True,0.666557887774993
cable chest press,Cable Standing Incline Chest Press,True,0.7058928571428571
cable chest press,Cable Bar Standing Incline Chest Press,True,0.666557887774993
cable chest press,Cable One Arm Chest Press,True,0.7844444444444445
cable chest press,Cable Twisting Standing Chest Press,True,0.6876785714285715
cable chest press,Cable Standing Chest Press,True,0.7856169871794871
cable chest press,Cable Incline Chest Press,True,0.8197619047619047
cable chest press,Cable Bar Standing Chest Press,True,0.7254166666666666
cable chest press,Cable Chest Press,True,1.0
alternating incline dumbbell fly,Dumbbell Decline Fly,True,0.6060606060606061
alternating incline dumbbell fly,Dumbbell Fly,True,0.5981240981240981
alternating incline dumbbell fly,Dumbbell Incline Fly,True,0.6494633838383839
dumbbell pullover,Dumbbell Pullover,True,1.0
decline dumbbell bench press,Lever Decline Bench Press,True,0.7681299603174603
decline dumbbell bench press,Dumbbell Incline Bench Press,True,0.8214285714285714
decline dumbbell bench press,Cable Incline Bench Press,True,0.7165178571428572
decline dumbbell bench press,Barbell Incline Bench Press,True,0.7373511904761905
decline dumbbell bench press,Barbell Decline Bench Press,True,0.8058035714285714
decline dumbbell bench press,Dumbbell Decline Bench Press,True,0.8452380952380952
decline dumbbell bench press,Smith Decline Bench Press,True,0.7681299603174603
decline dumbbell bench press,Dumbbell Bench Press,True,0.8238095238095238
decline dumbbell bench press,Barbell Bench Press,True,0.7143105158730159
incline dumbbell flys,Dumbbell Decline Fly,True,0.7083333333333333
incline dumbbell flys,Dumbbell Fly,True,0.6899801587301587
incline dumbbell flys,Dumbbell Incline Fly,True,0.7400793650793651
incline cable chest press,Cable Twisting Chest Press,True,0.7561183608058608
incline cable chest press,Lever Incline Chest Press,True,0.8264285714285714
incline cable chest press,Cable One Arm Standing Incline Chest Press,True,0.6770266439909297
incline cable chest press,Cable Standing Decline Chest Press,True,0.7282387955182072
incline cable chest press,Cable Bar Incline Bench Press,True,0.7045128626163109
incline cable chest press,Cable Decline Chest Press,True,0.7961904761904762
incline cable chest press,Cable Bar Standing Decline Chest Press,True,0.6843993664717349
incline cable chest press,Cable Incline Bench Press,True,0.7676190476190475
incline cable chest press,Cable Standing Incline Chest Press,True,0.7594712885154062
incline cable chest press,Cable Bar Standing Incline Chest Press,True,0.7130125661375661
incline cable chest press,Lever Alternating Incline Chest Press,True,0.691064116064116
incline cable chest press,Cable One Arm Chest Press,True,0.7442063492063492
incline cable chest press,Cable Twisting Standing Chest Press,True,0.6755952380952381
incline cable chest press,Cable Standing Chest Press,True,0.7561183608058608
incline cable chest press,Cable Incline Chest Press,True,0.88
incline cable chest press,Cable Bar Standing Chest Press,True,0.6964880952380952
incline cable chest press,Cable Chest Press,True,0.7997619047619047
push up plus,Push-up Plus,True,0.8958333333333333
decline dumbbell flys,Dumbbell Decline Fly,True,0.7559523809523809
decline dumbbell flys,Dumbbell Fly,True,0.7179232804232805
decline dumbbell flys,Dumbbell Incline Fly,True,0.7242063492063492
smith machine wide grip bench press,Smith Bench Press,True,0.6769179894179894
smith machine wide grip bench press,Smith Incline Bench Press,True,0.7367063492063493
smith machine wide grip bench press,Smith Decline Bench Press,True,0.7413690476190475
incline cable flys,Cable Standing Fly,True,0.6388558201058201
incline cable flys,Cable Lying Fly,True,0.6415343915343915
incline cable flys,Cable Decline Fly,True,0.6765873015873016
incline cable flys,Cable Standing Incline Fly,True,0.6744600885225885
incline cable flys,Cable Incline Fly,True,0.7916666666666667
decline smith machine bench press,Lever Decline Bench Press,True,0.7135930735930736
decline smith machine bench press,Smith Bench Press,True,0.6937229437229437
decline smith machine bench press,Smith Incline Bench Press,True,0.7824675324675325
decline smith machine bench press,Barbell Decline Bench Press,True,0.7195454545454545
decline smith machine bench press,Dumbbell Decline Bench Press,True,0.7164204545454547
decline smith machine bench press,Smith Decline Bench Press,True,0.8038961038961039
neutral grip decline dumbbell bench press,Dumbbell Incline Bench Press,True,0.6664319589624468
neutral grip decline dumbbell bench press,Barbell Decline Bench Press,True,0.6816244434765776
neutral grip decline dumbbell bench press,Dumbbell Decline Bench Press,True,0.7065984320557491
neutral grip decline dumbbell bench press,Dumbbell Bench Press,True,0.6715882694541231
weighted chest dip,Chest Dip,True,0.6847222222222222
weighted chest dip,Weighted Chest Dip,True,1.0
weighted chest dip,Cable Chest Dip,True,0.6930555555555555
dumbbell side bends,Dumbbell 45° Side Bend,True,0.8292929292929292
dumbbell side bends,Dumbbell Side Bend,True,0.9625730994152046
twisting lying cable crunch,Cable Standing Twisting Crunch,True,0.6920138888888889
twisting lying cable crunch,Twisting Crunch,True,0.7097222222222223
twisting lying cable crunch,Cable Kneeling Twisting Crunch,True,0.6899305555555556
twisting lying cable crunch,Incline Twisting Crunch,True,0.7031746031746031
twisting bench crunch,Twisting Crunch,True,0.8242063492063492
twisting bench crunch,Weighted Twisting Crunch,True,0.7458333333333333
twisting bench crunch,Incline Twisting Crunch,True,0.7606064527260179
twisting bench crunch,Crunch,True,0.5465939153439153
decline bench cable crunch,Cable Seated Crunch,True,0.6309549247049248
decline bench cable crunch,Cable Side Crunch,True,0.6388202075702076
decline bench cable crunch,Incline Crunch,True,0.6368360805860807
decline bench cable crunch,Cable Kneeling Crunch,True,0.6366758241758242
standing cable crunch,Cable Seated Crunch,True,0.6937830687830688
standing cable crunch,Cable Standing Twisting Crunch,True,0.7427083333333333
standing cable crunch,Cable Side Crunch,True,0.6924603174603174
standing cable crunch,Cable Standing Overhead Crunch,True,0.7427083333333333
standing cable crunch,Cable Standing Crunch,True,0.8571428571428572
standing cable crunch,Cable Kneeling Twisting Crunch,True,0.6163194444444444
standing cable crunch,Cable Kneeling Crunch,True,0.6984126984126984
standing oblique cable crunch,Cable Seated Crunch,True,0.6110079137018792
standing oblique cable crunch,Cable Standing Twisting Crunch,True,0.7391369047619047
standing oblique cable crunch,Cable Standing Overhead Crunch,True,0.7558035714285715
standing oblique cable crunch,Cable Standing Crunch,True,0.7326354679802956
standing oblique cable crunch,Cable Kneeling Crunch,True,0.6150588396278052
decline weighted twist,Weighted Lying Twist,True,0.7181367243867244
twisting decline sit up,Incline Twisting Sit-up,True,0.7256728778467909
hanging leg raise,Suspended Hanging Leg Hip Raise,True,0.7214097968936679
hanging leg raise,Hanging Leg-Hip Raise,True,0.8144444444444444
hanging leg raise,Hanging Twisting Leg Raise,True,0.8019974816849818
plank,Front Plank,True,0.6606060606060606
hands overhead ab crunch,Cable Overhead Seated Crunch,True,0.7317212301587301
hands overhead ab crunch,Cable Standing Overhead Crunch,True,0.7239583333333333
seated dumbbell side bends,Lever Seated Side Bend,True,0.7405181623931625
seated dumbbell side bends,Dumbbell Side Bend,True,0.7928952991452991
cable crunch,Cable Overhead Seated Crunch,True,0.6524305555555556
cable crunch,Cable Seated Crunch,True,0.771832358674464
cable crunch,Cable Standing Twisting Crunch,True,0.6239583333333334
cable crunch,Cable Side Crunch,True,0.8098856209150327
cable crunch,Cable Standing Overhead Crunch,True,0.6300347222222222
cable crunch,Cable Standing Crunch,True,0.73125
cable crunch,Cable Kneeling Twisting Crunch,True,0.6232638888888888
cable crunch,Cable Kneeling Crunch,True,0.7303240740740741
cable crunch,Crunch,True,0.6680555555555555
twisting hanging knee raise,Hanging Twisting Leg Raise,True,0.7310956790123457
lying floor leg raise,Lever Side Lying Leg Hip Raise,True,0.6652777777777777
twisting cable crunch,Cable Standing Twisting Crunch,True,0.7260416666666667
twisting cable crunch,Cable Standing Crunch,True,0.694047619047619
twisting cable crunch,Cable Twist,True,0.5714451058201058
twisting cable crunch,Twisting Crunch,True,0.8117724867724867
twisting cable crunch,Cable Kneeling Twisting Crunch,True,0.7239583333333334
twisting cable crunch,Cable Kneeling Crunch,True,0.6845238095238095
twisting cable crunch,Incline Twisting Crunch,True,0.7721187025534851
seated barbell twist,Cable Seated Twist,True,0.728968253968254
side plank,Bent Knee Side Plank,True,0.6875
side plank,Side Plank,True,1.0
weighted crunch,Weighted Incline Crunch,True,0.7781659765355418
weighted crunch,Weighted Crunch,True,1.0
weighted crunch,Weighted Twisting Crunch,True,0.7708333333333333
weighted crunch,Crunch,True,0.595486111111111
weighted crunch,Weighted Side Crunch,True,0.8180555555555555
seated cable crunch,Cable Overhead Seated Crunch,True,0.7087053571428572
seated cable crunch,Cable Seated Crunch,True,0.8421052631578947
seated cable crunch,Cable Side Crunch,True,0.7246588693957114
seated cable crunch,Cable Standing Crunch,True,0.6937830687830688
seated cable crunch,Lever Seated Crunch,True,0.7717348927875244
seated cable crunch,Cable Kneeling Crunch,True,0.6794312169312169
barbell side bends,Cable Side Bend,True,0.7363756613756614
barbell side bends,Dumbbell Side Bend,True,0.8457010582010581
lying leg raise with hip thrust,Lever Side Lying Leg Hip Raise,True,0.68180256869773
side plank with hip dip,Side Plank,True,0.6451690821256039
alternate dumbbell preacher curl,Dumbbell Curl,True,0.6116898148148148
alternate dumbbell preacher curl,Cable Alternating Preacher Curl,True,0.7774095117845118
alternate dumbbell preacher curl,Dumbbell Standing Preacher Curl,True,0.7618634259259258
alternate dumbbell preacher curl,Barbell Preacher Curl,True,0.7297453703703703
alternate dumbbell preacher curl,Dumbbell Preacher Curl,True,0.8009259259259259
hammer bar preacher curl,Barbell Preacher Curl,True,0.7624007936507937
concentration curl,Cable Concentration Curl,True,0.8444444444444444
concentration curl,Dumbbell Concentration Curl,True,0.7881944444444444
seated hammer curl,Cable Seated Curl,True,0.7305555555555556
cable preacher curl,Cable Prone Incline Curl,True,0.7216021825396826
cable preacher curl,Cable Alternating Preacher Curl,True,0.7775904203323558
cable preacher curl,Lever Preacher Curl,True,0.8035818713450292
cable preacher curl,Barbell Preacher Curl,True,0.7912698412698412
cable preacher curl,Cable Standing Preacher Curl,True,0.7984375
cable preacher curl,Cable Preacher Curl,True,1.0
cable preacher curl,Cable One Arm Preacher Curl,True,0.7963734567901235
cable preacher curl,Cable Curl,True,0.7092470760233918
cable preacher curl,Dumbbell Preacher Curl,True,0.7652777777777777
cable preacher curl,Cable Seated Curl,True,0.7883771929824561
cable preacher curl,Cable One Arm Standing Preacher Curl,True,0.6949074074074074
barbell concentration curl,Cable Concentration Curl,True,0.8259157509157509
barbell concentration curl,Barbell Curl,True,0.6842948717948718
barbell concentration curl,Dumbbell Concentration Curl,True,0.8923059964726631
standing dumbbell reverse curl,Dumbbell Curl,True,0.6245039682539683
standing dumbbell reverse curl,Barbell Standing Preacher Curl,True,0.7115575396825395
standing dumbbell reverse curl,Dumbbell Standing Preacher Curl,True,0.730126728110599
standing dumbbell curl,Dumbbell Incline Curl,True,0.6986832611832612
standing dumbbell curl,Dumbbell Curl,True,0.7241161616161615
standing dumbbell curl,Barbell Standing Preacher Curl,True,0.6840277777777779
standing dumbbell curl,Dumbbell Seated Curl,True,0.70496632996633
standing dumbbell curl,Dumbbell Standing Preacher Curl,True,0.7080813172043011
one arm dumbbell preacher curl,Cable One Arm Curl,True,0.6233333333333333
one arm dumbbell preacher curl,Barbell Preacher Curl,True,0.7330357142857142
one arm dumbbell preacher curl,Cable One Arm Preacher Curl,True,0.803611111111111
one arm dumbbell preacher curl,Dumbbell Preacher Curl,True,0.8006944444444444
one arm dumbbell preacher curl,Cable One Arm Standing Preacher Curl,True,0.7481018518518519
seated dumbbell curl,Dumbbell Curl,True,0.7525462962962963
seated dumbbell curl,Dumbbell Seated Curl,True,0.7916666666666666
seated dumbbell curl,Dumbbell Preacher Curl,True,0.7026515151515151
seated dumbbell curl,Cable Seated Curl,True,0.6986111111111112
dumbbell hammer preacher curl,Dumbbell Curl,True,0.6550227490421455
dumbbell hammer preacher curl,Dumbbell Standing Preacher Curl,True,0.8166162634408602
dumbbell hammer preacher curl,Barbell Preacher Curl,True,0.7317195197044335
dumbbell hammer preacher curl,Dumbbell Preacher Curl,True,0.8440493295019156
alternate seated dumbbell curl,Dumbbell Curl,True,0.627662037037037
alternate seated dumbbell curl,Dumbbell Seated Curl,True,0.6631944444444444
alternate seated dumbbell curl,Cable Alternating Seated Curl,True,0.755881734006734
rope cable preacher curl,Cable Prone Incline Curl,True,0.7104910714285715
rope cable preacher curl,Cable Alternating Preacher Curl,True,0.7362877769631802
rope cable preacher curl,Cable Standing Preacher Curl,True,0.7554067460317461
rope cable preacher curl,Cable Preacher Curl,True,0.8498263888888888
rope cable preacher curl,Cable One Arm Preacher Curl,True,0.7722993827160494
rope cable preacher curl,Cable Curl,True,0.6154513888888888
rope cable preacher curl,Cable One Arm Standing Preacher Curl,True,0.6734953703703703
prone incline hammer curl,Cable Prone Incline Curl,True,0.8067063492063491
prone incline hammer curl,Dumbbell Prone Incline Curl,True,0.7681327160493827
prone incline hammer curl,Barbell Prone Incline Curl,True,0.7851800976800976
barbell drag curl,Barbell Curl,True,0.8014705882352942
barbell drag curl,Barbell Preacher Curl,True,0.7638888888888888
barbell drag curl,Barbell Drag Curl,True,1.0
standing dumbbell drag curl,Dumbbell Curl,True,0.648341049382716
standing dumbbell drag curl,Dumbbell Standing Preacher Curl,True,0.695228494623656
standing dumbbell drag curl,Barbell Drag Curl,True,0.6871141975308642
alternate dumbbell hammer preacher curl,Barbell Preacher Curl,True,0.6583689458689459
alternate dumbbell hammer preacher curl,Dumbbell Preacher Curl,True,0.7195868945868945
cable drag curl,Cable Alternating Curl,True,0.7073232323232324
cable drag curl,Cable Preacher Curl,True,0.7463450292397661
cable drag curl,Cable Bar Curl,True,0.8148148148148148
cable drag curl,Cable Curl,True,0.7805555555555557
cable drag curl,Barbell Drag Curl,True,0.7567226890756302
one arm standing hammer curl,Cable One Arm Curl,True,0.6408333333333334
one arm standing hammer curl,Cable One Arm Standing Preacher Curl,True,0.7903935185185185
dumbbell preacher curl,Dumbbell Incline Curl,True,0.7665043290043291
dumbbell preacher curl,Dumbbell Curl,True,0.7427398989898989
dumbbell preacher curl,Barbell Standing Preacher Curl,True,0.7147569444444444
dumbbell preacher curl,Dumbbell Seated Curl,True,0.8087121212121211
dumbbell preacher curl,Dumbbell Standing Preacher Curl,True,0.8130040322580645
dumbbell preacher curl,Barbell Preacher Curl,True,0.8572330447330447
dumbbell preacher curl,Cable Preacher Curl,True,0.7652777777777777
dumbbell preacher curl,Dumbbell Preacher Curl,True,1.0
seated barbell curl,Barbell Curl,True,0.7372250069618491
seated barbell curl,Dumbbell Seated Curl,True,0.7299603174603175
seated barbell curl,Barbell Preacher Curl,True,0.691468253968254
seated barbell curl,Cable Seated Curl,True,0.718796992481203
one-arm cable curl,Cable One Arm Curl,True,0.7555555555555555
squatting cable curl,Cable Supine Curl,True,0.6756172839506173
squatting cable curl,Cable Alternating Curl,True,0.6515151515151515
squatting cable curl,Cable Alternating Seated Curl,True,0.6132009752699408
squatting cable curl,Cable Curl,True,0.6794753086419753
squatting cable curl,Cable Seated Curl,True,0.6518518518518519
barbell hammer curl,Barbell Curl,True,0.767996379838485
wide grip cable curl,Cable Curl,True,0.6614583333333334
seated dumbbell reverse curl,Dumbbell Curl,True,0.6392609126984127
seated dumbbell reverse curl,Dumbbell Seated Curl,True,0.7271825396825398
seated dumbbell reverse curl,Dumbbell Preacher Curl,True,0.7052331349206349
close grip cable curl,Cable Curl,True,0.6822420634920635
one arm dumbbell hammer preacher curl,Cable One Arm Preacher Curl,True,0.728307057057057
one arm dumbbell hammer preacher curl,Dumbbell Preacher Curl,True,0.7185153903903903
one arm dumbbell hammer preacher curl,Cable One Arm Standing Preacher Curl,True,0.7391672922922923
cable curl,Cable Concentration Curl,True,0.6681623931623932
cable curl,Cable Supine Curl,True,0.750136165577342
cable curl,Cable Prone Incline Curl,True,0.6558035714285715
cable curl,Cable Alternating Preacher Curl,True,0.5985749633431086
cable curl,Cable Alternating Curl,True,0.6883838383838384
cable curl,Cable Standing Preacher Curl,True,0.6038690476190477
cable curl,Cable Preacher Curl,True,0.7092470760233918
cable curl,Cable Bar Curl,True,0.8058862433862435
cable curl,Cable Alternating Seated Curl,True,0.6167929292929293
cable curl,Cable Curl,True,1.0
cable curl,Cable Seated Curl,True,0.749128540305011
one-arm prone incline dumbbell curl,Dumbbell Prone Incline Curl,True,0.6959467120181405
exercise ball dumbbell curl,Dumbbell Curl,True,0.6571180555555556
standing barbell curl,Barbell Curl,True,0.7137896825396826
standing barbell curl,Barbell Standing Preacher Curl,True,0.723685515873016
standing barbell curl,Dumbbell Standing Preacher Curl,True,0.683323732718894
seated cable curl,Cable Supine Curl,True,0.6924836601307189
seated cable curl,Dumbbell Seated Curl,True,0.7069444444444445
seated cable curl,Cable Alternating Curl,True,0.6304713804713805
seated cable curl,Cable Preacher Curl,True,0.6655701754385965
seated cable curl,Cable Bar Curl,True,0.6803649237472766
seated cable curl,Cable Alternating Seated Curl,True,0.6661703239289446
seated cable curl,Cable Curl,True,0.7295206971677559
seated cable curl,Cable Seated Curl,True,0.8235294117647058
one arm seated dumbbell curl,Cable One Arm Curl,True,0.6418055555555555
one arm seated dumbbell curl,Dumbbell Seated Curl,True,0.6597222222222222
barbell preacher curl,Barbell Curl,True,0.7352843915343915
barbell preacher curl,Barbell Standing Preacher Curl,True,0.8083581349206348
barbell preacher curl,Dumbbell Standing Preacher Curl,True,0.7194300435227854
barbell preacher curl,Barbell Preacher Curl,True,1.0
barbell preacher curl,Cable Preacher Curl,True,0.7992063492063493
barbell preacher curl,Dumbbell Preacher Curl,True,0.8761724386724385
barbell preacher curl,Barbell Drag Curl,True,0.7638888888888888
prone incline dumbbell curl,Dumbbell Incline Curl,True,0.6948412698412698
prone incline dumbbell curl,Cable Prone Incline Curl,True,0.7787973985890653
prone incline dumbbell curl,Dumbbell Curl,True,0.6646329365079365
prone incline dumbbell curl,Dumbbell Prone Incline Curl,True,0.8271604938271604
prone incline dumbbell curl,Barbell Prone Incline Curl,True,0.7996307319223985
incline bench dumbbell curl,Dumbbell Incline Curl,True,0.688668430335097
incline bench dumbbell curl,Dumbbell Prone Incline Curl,True,0.6612874779541446
incline dumbbell curl,Dumbbell Incline Curl,True,0.7777777777777778
incline dumbbell curl,Dumbbell Curl,True,0.751984126984127
incline dumbbell curl,Dumbbell Prone Incline Curl,True,0.688668430335097
incline dumbbell curl,Barbell Prone Incline Curl,True,0.6648599664224664
incline dumbbell curl,Dumbbell Preacher Curl,True,0.6907467532467533
twisting standing dumbbell curl,Dumbbell Standing Preacher Curl,True,0.6841229838709677
one arm standing dumbbell curl,Cable One Arm Curl,True,0.6211111111111111
one arm standing dumbbell curl,Cable One Arm Standing Preacher Curl,True,0.7602546296296295
one arm seated hammer curl,Cable One Arm Curl,True,0.6636645299145298
one arm seated hammer curl,Cable One Arm Preacher Curl,True,0.7361419753086419
cable concentration curl,Cable Concentration Curl,True,1.0
cable concentration curl,Dumbbell Concentration Curl,True,0.796141975308642
cable concentration curl,Cable Alternating Curl,True,0.7551476301476301
cable concentration curl,Cable Curl,True,0.6681623931623932
alternate seated hammer curl,Cable Alternating Seated Curl,True,0.7695496632996632
alternating standing dumbbell curl,Dumbbell Curl,True,0.6028436942959002
alternating standing dumbbell curl,Dumbbell Standing Preacher Curl,True,0.6832896984551395
alternate incline dumbbell curl,Dumbbell Incline Curl,True,0.6715629800307219
alternate incline dumbbell curl,Dumbbell Curl,True,0.63150308286397
alternate incline dumbbell curl,Dumbbell Prone Incline Curl,True,0.6791282642089094
exercise ball preacher curl,Barbell Preacher Curl,True,0.7364969135802468
exercise ball preacher curl,Cable Preacher Curl,True,0.7039351851851852
toes in smith machine calf raise,Smith Donkey Calf Raise,True,0.6878968253968254
cable calf raise,Sled Standing Calf Raise,True,0.6612847222222221
cable calf raise,Cable Reverse Calf Raise,True,0.8061507936507937
cable calf raise,Reverse Calf Raise,True,0.7512566137566137
cable calf raise,Cable Single Leg Calf Raise,True,0.7190123456790123
cable calf raise,Standing Calf Raise,True,0.7306652046783625
cable calf raise,Cable Standing Calf Raise,True,0.7794791666666667
cable calf raise,Dumbbell Reverse Calf Raise,True,0.648859126984127
cable calf raise,Barbell Reverse Calf Raise,True,0.6652243589743589
toes out standing calf raise,Standing Calf Raise,True,0.7690674603174603
toes out standing calf raise,Cable Standing Calf Raise,True,0.7801686507936507
seated calf raise,Sled Standing Reverse Calf Raise,True,0.632594246031746
seated calf raise,Weighted Donkey Calf Raise,True,0.6850783475783476
seated calf raise,Sled Standing Calf Raise,True,0.7152777777777778
seated calf raise,Smith Seated Calf Raise,True,0.8431763285024154
seated calf raise,Reverse Calf Raise,True,0.7711640211640212
seated calf raise,Sled Seated Calf Press,True,0.7398884680134681
seated calf raise,Standing Calf Raise,True,0.7775341130604289
seated calf raise,Lever Seated Calf Raise,True,0.8431763285024154
seated calf raise,Cable Standing Calf Raise,True,0.690462962962963
seated calf raise,Sled Donkey Calf Raise,True,0.7287563131313131
seated calf raise,Safety Bar Seated Calf Raise,True,0.7646825396825396
seated barbell calf raise,Dumbbell Standing Calf Raise,True,0.6892361111111112
seated barbell calf raise,Smith Seated Calf Raise,True,0.7797619047619048
seated barbell calf raise,Safety Barbell Standing Leg Calf Raise,True,0.7020285087719298
seated barbell calf raise,Lever Seated Calf Raise,True,0.7797619047619048
seated barbell calf raise,Barbell Standing Leg Calf Raise,True,0.7031922043010753
seated barbell calf raise,Safety Bar Seated Calf Raise,True,0.7757936507936508
seated barbell calf raise,Barbell Reverse Calf Raise,True,0.7669413919413919
smith machine seated toe raise,Smith Seated Calf Raise,True,0.7376289682539683
donkey calf raise,Weighted Donkey Calf Raise,True,0.7987980769230769
donkey calf raise,Smith Donkey Calf Raise,True,0.836231884057971
donkey calf raise,Lever Donkey Reverse Calf Raise,True,0.7212378392217103
donkey calf raise,Lever Donkey Calf Raise,True,0.8372735507246376
donkey calf raise,Sled Donkey Calf Raise,True,0.8551136363636364
one-leg cable calf raise,Self-assisted Single Leg Calf Raise,True,0.6436838624338624
one-leg cable calf raise,Cable One Arm Single Leg Calf Raise,True,0.6692460317460317
seated dumbbell calf raise,Dumbbell Standing Calf Raise,True,0.7703373015873015
seated dumbbell calf raise,Smith Seated Calf Raise,True,0.7592280982905983
seated dumbbell calf raise,Lever Seated Calf Raise,True,0.7592280982905983
seated dumbbell calf raise,Dumbbell Reverse Calf Raise,True,0.7735890652557318
seated dumbbell calf raise,Safety Bar Seated Calf Raise,True,0.7238343253968254
seated dumbbell calf raise,Dumbbell Single Leg Calf Raise,True,0.7219444444444444
45 degree leg press calf raise,Sled Single Leg 45° Reverse Calf Press,True,0.6506116481680391
45 degree leg press calf raise,Sled Single Leg 45° Calf Press,True,0.6782407407407408
45 degree leg press calf raise,Lever 45° Calf Raise,True,0.6421296296296296
standing barbell calf raise,Dumbbell Standing Calf Raise,True,0.8058035714285714
standing barbell calf raise,Sled Standing Reverse Calf Raise,True,0.7635714285714286
standing barbell calf raise,Sled Standing Calf Raise,True,0.7924548059964727
standing barbell calf raise,Safety Barbell Standing Leg Calf Raise,True,0.7096734892787525
standing barbell calf raise,Lever Standing Calf Raise,True,0.7862048059964726
standing barbell calf raise,Standing Calf Raise,True,0.8184964726631393
standing barbell calf raise,Cable Standing Calf Raise,True,0.8086254409171075
standing barbell calf raise,Barbell Standing Leg Calf Raise,True,0.7779569892473119
standing barbell calf raise,Barbell Reverse Calf Raise,True,0.7476052689594357
standing machine calf raise,Dumbbell Standing Calf Raise,True,0.7825892857142858
standing machine calf raise,Sled Standing Reverse Calf Raise,True,0.7653075396825397
standing machine calf raise,Sled Standing Calf Raise,True,0.7993992504409171
standing machine calf raise,Lever Standing Calf Raise,True,0.7931492504409171
standing machine calf raise,Standing Calf Raise,True,0.8254409171075837
standing machine calf raise,Cable Standing Calf Raise,True,0.811899250440917
bodyweight standing calf raise,Dumbbell Standing Calf Raise,True,0.7961805555555556
bodyweight standing calf raise,Sled Standing Reverse Calf Raise,True,0.7318998015873016
bodyweight standing calf raise,Sled Standing Calf Raise,True,0.7741319444444444
bodyweight standing calf raise,Lever Standing Calf Raise,True,0.7734375
bodyweight standing calf raise,Standing Calf Raise,True,0.7723958333333334
bodyweight standing calf raise,Cable Standing Calf Raise,True,0.8060763888888889
rocking standing calf raise,Dumbbell Standing Calf Raise,True,0.7770089285714286
rocking standing calf raise,Sled Standing Reverse Calf Raise,True,0.7217063492063491
rocking standing calf raise,Sled Standing Calf Raise,True,0.7984292328042328
rocking standing calf raise,Lever Standing Calf Raise,True,0.8137841710758377
rocking standing calf raise,Standing Calf Raise,True,0.805952380952381
rocking standing calf raise,Cable Standing Calf Raise,True,0.8294477513227513
one-leg smith machine seated calf raise,Smith Seated Calf Raise,True,0.7051587301587302
smith machine calf raise,Smith Seated Calf Raise,True,0.8214285714285714
smith machine calf raise,Smith Donkey Calf Raise,True,0.819047619047619
smith machine calf raise,Smith Reverse Calf Raise,True,0.827579365079365
smith machine one leg calf raise,Smith Standing Leg Calf Raise,True,0.8152810846560846
smith machine one leg calf raise,Cable One Arm Single Leg Calf Raise,True,0.7172713529856387
smith machine one leg calf raise,Single Leg Calf Raise,True,0.7119295634920635
reverse barbell wrist curl over bench,Dumbbell Reverse Wrist Curl,True,0.6767430376805377
reverse barbell wrist curl over bench,Lever Reverse Wrist Curl,True,0.6728987916487916
reverse barbell wrist curl over bench,Barbell Reverse Preacher Curl,True,0.6258200164450165
reverse barbell wrist curl over bench,Barbell Reverse Wrist Curl,True,0.6996845059345059
reverse barbell wrist curl over bench,Barbell Wrist Curl,True,0.6676265551265551
reverse barbell wrist curl over bench,Barbell Reverse Curl,True,0.6183674746174745
seated reverse barbell wrist curl,Dumbbell Reverse Wrist Curl,True,0.7375608766233767
seated reverse barbell wrist curl,Lever Wrist Curl,True,0.6352597402597403
seated reverse barbell wrist curl,Cable Reverse Wrist Curl,True,0.7199909812409813
seated reverse barbell wrist curl,Lever Reverse Wrist Curl,True,0.7410101010101011
seated reverse barbell wrist curl,Barbell Reverse Preacher Curl,True,0.6773737373737374
seated reverse barbell wrist curl,Barbell Standing Reverse Preacher Curl,True,0.6523851294903927
seated reverse barbell wrist curl,Barbell Reverse Wrist Curl,True,0.7648629148629149
seated reverse barbell wrist curl,Barbell Wrist Curl,True,0.7084487734487734
seated reverse barbell wrist curl,Barbell Reverse Curl,True,0.652049062049062
one arm reverse dumbbell preacher curl,Cable One Arm Reverse Wrist Curl,True,0.7242951127819549
one arm reverse dumbbell preacher curl,Barbell Reverse Preacher Curl,True,0.735203895154553
standing alternate dumbbell reverse curl,Barbell Standing Reverse Preacher Curl,True,0.696031746031746
standing alternate dumbbell reverse curl,Cable Standing Reverse Preacher Curl,True,0.6806349206349206
reverse dumbbell wrist curl over bench,Dumbbell Reverse Wrist Curl,True,0.6934019075466443
reverse dumbbell wrist curl over bench,Lever Reverse Wrist Curl,True,0.660911828181565
reverse dumbbell wrist curl over bench,Barbell Reverse Wrist Curl,True,0.6704604392926761
seated reverse dumbbell wrist curl,Dumbbell Reverse Wrist Curl,True,0.7539449112978525
seated reverse dumbbell wrist curl,Dumbbell Wrist Curl,True,0.715578898225957
seated reverse dumbbell wrist curl,Cable Reverse Wrist Curl,True,0.7079820261437908
seated reverse dumbbell wrist curl,Lever Reverse Wrist Curl,True,0.7254750233426703
seated reverse dumbbell wrist curl,Barbell Reverse Wrist Curl,True,0.7316191059757237
seated reverse dumbbell wrist curl,Barbell Reverse Curl,True,0.616890756302521
one arm neutral dumbbell wrist curl over bench,Cable One Arm Wrist Curl,True,0.6251093426501034
dumbbell reverse preacher curl,Lever Reverse Curl,True,0.6404513888888889
dumbbell reverse preacher curl,Dumbbell Reverse Wrist Curl,True,0.8366071428571429
dumbbell reverse preacher curl,Lever Reverse Preacher Curl,True,0.8197172619047619
dumbbell reverse preacher curl,Barbell Reverse Preacher Curl,True,0.8946924603174603
dumbbell reverse preacher curl,Barbell Standing Reverse Preacher Curl,True,0.7750039160401002
dumbbell reverse preacher curl,Barbell Reverse Wrist Curl,True,0.7312996031746031
dumbbell reverse preacher curl,Barbell Reverse Curl,True,0.7152033730158729
dumbbell reverse preacher curl,Cable Reverse Preacher Curl,True,0.8267361111111111
reverse grip barbell curl,Lever Reverse Curl,True,0.6593253968253968
reverse grip barbell curl,Dumbbell Reverse Wrist Curl,True,0.7044146825396824
reverse grip barbell curl,Barbell Reverse Preacher Curl,True,0.7137725779967159
reverse grip barbell curl,Barbell Reverse Wrist Curl,True,0.7426282051282052
reverse grip barbell curl,Barbell Reverse Curl,True,0.7020833333333333
ez bar reverse grip barbell curl,Cable Bar Reverse Curl,True,0.6936425264550263
ez bar reverse grip barbell curl,Barbell Reverse Preacher Curl,True,0.7090773809523809
ez bar reverse grip barbell curl,Barbell Reverse Wrist Curl,True,0.7058531746031744
ez bar reverse grip barbell curl,Barbell Reverse Curl,True,0.6711309523809523
standing one arm dumbbell reverse curl,Barbell Standing Reverse Preacher Curl,True,0.6961648913951546
seated dumbbell wrist curl,Dumbbell Reverse Wrist Curl,True,0.7710097001763667
seated dumbbell wrist curl,Dumbbell Wrist Curl,True,0.8121260683760684
seated dumbbell wrist curl,Barbell Wrist Curl,True,0.7159054487179487
reverse one arm cable curl,Cable Reverse Curl,True,0.6817612942612943
reverse one arm cable curl,Cable One Arm Reverse Wrist Curl,True,0.7135168650793651
reverse one arm cable curl,Cable Bar Reverse Curl,True,0.6803724053724054
reverse one arm cable curl,Cable One Arm Wrist Curl,True,0.7286263736263736
reverse one arm cable curl,Cable Reverse Preacher Curl,True,0.7094246031746032
one arm seated dumbbell wrist curl,Cable One Arm Reverse Wrist Curl,True,0.7389491907874262
one arm seated dumbbell wrist curl,Cable One Arm Wrist Curl,True,0.7051279956427015
seated neutral dumbbell wrist curl,Dumbbell Reverse Wrist Curl,True,0.6891690009337068
seated neutral dumbbell wrist curl,Dumbbell Wrist Curl,True,0.7172455648926237
reverse concentration curl,Lever Reverse Curl,True,0.66996336996337
reverse concentration curl,Cable Reverse Curl,True,0.6600427350427351
seated barbell wrist curl,Dumbbell Wrist Curl,True,0.7338541666666667
seated barbell wrist curl,Barbell Reverse Wrist Curl,True,0.7643620268620268
seated barbell wrist curl,Barbell Wrist Curl,True,0.8059722222222223
barbell wrist curl over bench,Barbell Reverse Wrist Curl,True,0.7336750821018061
barbell wrist curl over bench,Barbell Wrist Curl,True,0.7577257799671593
dumbbell wrist curl over bench,Dumbbell Reverse Wrist Curl,True,0.740188492063492
one arm dumbbell wrist curl over bench,Cable One Arm Reverse Wrist Curl,True,0.6887862016151489
one arm dumbbell wrist curl over bench,Cable One Arm Wrist Curl,True,0.6710672514619882
reverse grip seated cable wrist curl,Lever Wrist Curl,True,0.6131613756613756
reverse grip seated cable wrist curl,Cable Reverse Curl,True,0.6053571428571429
reverse grip seated cable wrist curl,Cable Reverse Wrist Curl,True,0.7171296296296297
reverse grip seated cable wrist curl,Cable One Arm Reverse Wrist Curl,True,0.6766203703703704
reverse grip seated cable wrist curl,Lever Reverse Wrist Curl,True,0.6887566137566138
reverse grip seated cable wrist curl,Barbell Reverse Wrist Curl,True,0.6767526455026455
reverse grip seated cable wrist curl,Cable Wrist Curl,True,0.6572089947089947
reverse grip seated cable wrist curl,Cable Reverse Preacher Curl,True,0.6481646825396825
reverse grip preacher curl,Lever Reverse Curl,True,0.6563034188034187
reverse grip preacher curl,Lever Reverse Preacher Curl,True,0.8383708112874779
reverse grip preacher curl,Barbell Reverse Preacher Curl,True,0.7997742200328406
reverse grip preacher curl,Cable Reverse Preacher Curl,True,0.8285493827160493
ez bar reverse grip preacher curl,Lever Reverse Preacher Curl,True,0.7844005531505531
ez bar reverse grip preacher curl,Cable Bar Reverse Curl,True,0.6807118807118806
ez bar reverse grip preacher curl,Barbell Reverse Preacher Curl,True,0.788961038961039
wrist rollers,Cable Roller Wrist Flexion,True,0.6005952380952382
wrist rollers,Cable Roller Wrist Extension,True,0.581415343915344
wrist rollers,Lever Roller Wrist Flexion,True,0.6077380952380953
wrist rollers,Lever Roller Wrist Extension,True,0.5885582010582011
one arm seated reverse dumbbell wrist curl,Dumbbell Reverse Wrist Curl,True,0.6826814058956916
one arm seated reverse dumbbell wrist curl,Cable One Arm Reverse Wrist Curl,True,0.7551587301587301
one arm seated reverse dumbbell wrist curl,Cable One Arm Wrist Curl,True,0.645187074829932
one arm seated reverse dumbbell wrist curl,Barbell Reverse Wrist Curl,True,0.6733808106575963
one arm reverse dumbbell wrist curl over bench,Dumbbell Reverse Wrist Curl,True,0.6429779158040028
one arm reverse dumbbell wrist curl over bench,Cable One Arm Reverse Wrist Curl,True,0.7260341183574879
one arm reverse dumbbell wrist curl over bench,Cable One Arm Wrist Curl,True,0.6223315648723257
underhand close grip lat pulldown,Lever Close Grip Pulldown,True,0.7320580808080808
underhand close grip lat pulldown,Cable Close Grip Pulldown,True,0.7353409090909091
underhand close grip lat pulldown,Lever Close Grip Pulldown,True,0.7320580808080808
underhand close grip lat pulldown,Cable Alternating Close Grip Pulldown,True,0.7287787787787787
close grip pull up,Machine-assisted Parallel Close Grip Pull-up,True,0.6250642586580086
close grip pull up,Lever Close Grip Pulldown,True,0.748125
close grip pull up,Cable Parallel Close Grip Pull-up,True,0.7019209956709956
close grip pull up,Cable Close Grip Pulldown,True,0.7564583333333335
close grip pull up,Parallel Close Grip Pull-up,True,0.7609953703703705
close grip pull up,Lever Close Grip Pulldown,True,0.748125
close grip pull up,Weighted Parallel Close Grip Pull-up,True,0.6706349206349207
overhand close grip lat pulldown,Lever Close Grip Pulldown,True,0.7587847222222222
overhand close grip lat pulldown,Cable Close Grip Pulldown,True,0.7436805555555555
overhand close grip lat pulldown,Lever Close Grip Pulldown,True,0.7587847222222222
overhand close grip lat pulldown,Cable Alternating Close Grip Pulldown,True,0.7261104286104285
weighted pull up,Weighted Pull-up,True,0.90625
rack lat stretch,Standing Side Reach Lat Stretch,True,0.6553200204813108
rack lat stretch,Seated Side Reach Lat Stretch,True,0.6788163656267104
weighted chin up,Weighted Chin-up,True,0.90625
cable hip adduction,Cable Lying Hip Adduction,True,0.8427777777777778
cable hip adduction,Cable Hip Adduction,True,1.0
cable hip abduction,Cable Lying Hip Adduction,True,0.8119753086419752
cable hip abduction,Cable Hip Adduction,True,0.9613385315139701
hip adduction machine,Cable Hip Adduction,True,0.7459435626102293
one arm lying dumbbell reverse fly,Dumbbell Lying One Arm Rear Lateral Raise,True,0.6132344265619527
one arm lying dumbbell reverse fly,Cable One Arm Reverse Fly,True,0.7202968409586057
alternate dumbbell lateral raise,Dumbbell One Arm Lateral Raise,True,0.7602380952380952
alternate dumbbell lateral raise,Dumbbell Lateral Raise,True,0.8147321428571428
alternate dumbbell lateral raise,Dumbbell Raise,True,0.6470403439153439
alternate dumbbell lateral raise,Dumbbell One Arm Seated Lateral Raise,True,0.7072224009724009
alternate dumbbell lateral raise,Dumbbell Lying Rear Lateral Raise,True,0.7634926647426648
alternate dumbbell lateral raise,Lever Lateral Raise,True,0.6687003968253967
alternate dumbbell lateral raise,Dumbbell Seated Lateral Raise,True,0.7831349206349206
alternate dumbbell lateral raise,Lever Lateral Raise,True,0.6687003968253967
alternate dumbbell lateral raise,Dumbbell Seated Rear Lateral Raise,True,0.7510842670401494
alternate dumbbell lateral raise,Dumbbell Lying Lateral Raise,True,0.7860284391534391
alternate dumbbell lateral raise,Dumbbell Incline Lateral Raise,True,0.782142857142857
alternate dumbbell lateral raise,Cable Lateral Raise,True,0.6764715608465608
alternate dumbbell lateral raise,Dumbbell Rear Lateral Raise,True,0.7866071428571428
one arm seated palms in dumbbell press,Dumbbell One Arm Seated Lateral Raise,True,0.6903239000278474
standing dumbbell front raise,Dumbbell Raise,True,0.6501616379310344
one arm cable front raise,Cable One Arm Upright Row,True,0.686984126984127
one arm cable front raise,Cable One Arm Rear Lateral Raise,True,0.6972321428571429
one arm cable front raise,Cable One Arm Lateral Raise,True,0.7499470899470899
banded lateral raise,Dumbbell Lateral Raise,True,0.7723094035594036
banded lateral raise,Lever Lateral Raise,True,0.7878306878306878
banded lateral raise,Lever Lateral Raise,True,0.7878306878306878
banded lateral raise,Cable Lateral Raise,True,0.8032407407407407
smith machine upright row,Smith Upright Row,True,0.8061507936507937
smith machine upright row,Smith Wide Grip Upright Row,True,0.7857627865961199
alternate seated dumbbell press,Dumbbell Seated Lateral Raise,True,0.6249167946748593
one arm bent over dumbbell reverse fly,Cable One Arm Reverse Fly,True,0.6812489557226399
one arm seated dumbbell press,Dumbbell One Arm Seated Lateral Raise,True,0.708030441155441
seated dumbbell lateral raise,Dumbbell Lateral Raise,True,0.8356800766283525
seated dumbbell lateral raise,Dumbbell Raise,True,0.6703680897646415
seated dumbbell lateral raise,Dumbbell One Arm Seated Lateral Raise,True,0.7385385385385386
seated dumbbell lateral raise,Dumbbell Lying Rear Lateral Raise,True,0.7488762626262626
seated dumbbell lateral raise,Dumbbell Seated Lateral Raise,True,0.8563218390804597
seated dumbbell lateral raise,Dumbbell Seated Rear Lateral Raise,True,0.8002941176470588
seated dumbbell lateral raise,Cable Seated Lateral Raise,True,0.7861786740558292
seated dumbbell lateral raise,Dumbbell Lying Lateral Raise,True,0.8023467432950191
seated dumbbell lateral raise,Dumbbell Incline Lateral Raise,True,0.790674603174603
seated dumbbell lateral raise,Cable Seated Rear Lateral Raise,True,0.7832272465437788
seated dumbbell lateral raise,Dumbbell Rear Lateral Raise,True,0.8090996168582375
seated dumbbell front raise,Dumbbell Raise,True,0.6748456790123456
seated dumbbell front raise,Dumbbell Seated Lateral Raise,True,0.6921592775041051
seated dumbbell front raise,Dumbbell Seated Rear Lateral Raise,True,0.6529604341736696
seated alternate dumbbell lateral raise,Dumbbell Lateral Raise,True,0.7374053724053724
seated alternate dumbbell lateral raise,Dumbbell Raise,True,0.6006878306878307
seated alternate dumbbell lateral raise,Dumbbell One Arm Seated Lateral Raise,True,0.7135022385022385
seated alternate dumbbell lateral raise,Dumbbell Lying Rear Lateral Raise,True,0.6977757427757427
seated alternate dumbbell lateral raise,Dumbbell Seated Lateral Raise,True,0.7542429792429792
seated alternate dumbbell lateral raise,Dumbbell Seated Rear Lateral Raise,True,0.753003663003663
seated alternate dumbbell lateral raise,Cable Seated Lateral Raise,True,0.6968788156288156
seated alternate dumbbell lateral raise,Dumbbell Lying Lateral Raise,True,0.7087016687016687
seated alternate dumbbell lateral raise,Dumbbell Incline Lateral Raise,True,0.7057509157509156
seated alternate dumbbell lateral raise,Cable Seated Rear Lateral Raise,True,0.7129044566544567
seated alternate dumbbell lateral raise,Dumbbell Rear Lateral Raise,True,0.7118818681318682
cable upright row,Cable One Arm Upright Row,True,0.788888888888889
cable upright row,Cable Wide Grip Upright Row,True,0.763562610229277
cable upright row,Barbell Upright Row,True,0.7750208855472014
cable upright row,Cable Bar Upright Row,True,0.8662698412698413
cable upright row,Cable Upright Row,True,1.0
one arm seated bent over dumbbell reverse fly,Cable One Arm Reverse Fly,True,0.6364699074074074
one arm seated dumbbell front raise,Dumbbell One Arm Lateral Raise,True,0.6877513227513227
one arm seated dumbbell front raise,Dumbbell One Arm Seated Lateral Raise,True,0.763177463177463
banded upright row,Barbell Upright Row,True,0.8264411027568923
banded upright row,Cable Bar Upright Row,True,0.7510912698412698
banded upright row,Cable Upright Row,True,0.787962962962963
seated one arm dumbbell lateral raise,Dumbbell One Arm Lateral Raise,True,0.7774524524524524
seated one arm dumbbell lateral raise,Dumbbell Lateral Raise,True,0.7251197626197626
seated one arm dumbbell lateral raise,Dumbbell Lying One Arm Rear Lateral Raise,True,0.7423038456575042
seated one arm dumbbell lateral raise,Dumbbell One Arm Seated Lateral Raise,True,0.8220720720720721
seated one arm dumbbell lateral raise,Dumbbell Seated Lateral Raise,True,0.7385385385385386
seated one arm dumbbell lateral raise,Cable One Arm Rear Lateral Raise,True,0.7530704811954811
seated one arm dumbbell lateral raise,Dumbbell Seated Rear Lateral Raise,True,0.7441166166166165
seated one arm dumbbell lateral raise,Cable One Arm Lateral Raise,True,0.7365990097240096
one arm standing dumbbell front raise,Dumbbell One Arm Lateral Raise,True,0.6461726905476906
one arm standing dumbbell front raise,Dumbbell One Arm Seated Lateral Raise,True,0.6835353210353211
machine reverse fly,Cable Reverse Fly,True,0.7740044555834029
alternate seated dumbbell front raise,Dumbbell Raise,True,0.6004304304304304
alternate seated dumbbell front raise,Dumbbell Seated Lateral Raise,True,0.6564333976833977
alternate seated dumbbell front raise,Dumbbell Seated Rear Lateral Raise,True,0.6551254826254826
lateral raise partials,Dumbbell Lateral Raise,True,0.7343434343434343
lateral raise partials,Lever Lateral Raise,True,0.7445616883116883
lateral raise partials,Lever Lateral Raise,True,0.7445616883116883
lateral raise partials,Cable Rear Lateral Raise,True,0.6990079365079365
lateral raise partials,Cable Lateral Raise,True,0.738212481962482
lateral raise partials,Dumbbell Rear Lateral Raise,True,0.6660135582010581
standing cable reverse fly,Cable Seated Reverse Fly,True,0.7561431623931625
standing cable reverse fly,Cable Reverse Fly,True,0.7727964743589744
standing cable reverse fly,Cable Supine Reverse Fly,True,0.7469284188034189
one arm cable reverse fly,Cable One Arm Reverse Fly,True,0.8733333333333333
one arm cable reverse fly,Cable Reverse Fly,True,0.7701587301587302
machine lateral raise,Dumbbell Lateral Raise,True,0.7805104617604617
machine lateral raise,Lever Lateral Raise,True,0.7634920634920634
machine lateral raise,Lever Lateral Raise,True,0.7634920634920634
machine lateral raise,Dumbbell Incline Lateral Raise,True,0.738764880952381
machine lateral raise,Cable Rear Lateral Raise,True,0.7341269841269841
machine lateral raise,Cable Lateral Raise,True,0.8007936507936508
single arm cable lateral raise (crossbody),Cable Lateral Raise (pulleys close),True,0.7143239795918367
cable lateral raise,Dumbbell Lateral Raise,True,0.7627976190476191
cable lateral raise,Lever Lateral Raise,True,0.81687552213868
cable lateral raise,Cable One Arm Rear Lateral Raise,True,0.7353174603174604
cable lateral raise,Lever Lateral Raise,True,0.81687552213868
cable lateral raise,Cable Seated Lateral Raise,True,0.83258547008547
cable lateral raise,Cable Seated Rear Lateral Raise,True,0.7616308243727599
cable lateral raise,Cable Rear Lateral Raise,True,0.8659722222222221
cable lateral raise,Cable One Arm Lateral Raise,True,0.7963932980599648
cable lateral raise,Cable Lateral Raise,True,1.0
kettlebell lateral raise,Dumbbell Lateral Raise,True,0.7794642857142857
kettlebell lateral raise,Lever Lateral Raise,True,0.760515873015873
kettlebell lateral raise,Lever Lateral Raise,True,0.760515873015873
kettlebell lateral raise,Cable Lateral Raise,True,0.726388888888889
landmine lateral raise,Dumbbell Lateral Raise,True,0.7638888888888888
landmine lateral raise,Lever Lateral Raise,True,0.7770382395382396
landmine lateral raise,Lever Lateral Raise,True,0.7770382395382396
landmine lateral raise,Dumbbell Incline Lateral Raise,True,0.740451388888889
landmine lateral raise,Cable Lateral Raise,True,0.7706890331890333
dumbbell lateral raise,Dumbbell One Arm Lateral Raise,True,0.8118253968253968
dumbbell lateral raise,Dumbbell Lateral Raise,True,1.0
dumbbell lateral raise,Dumbbell Raise,True,0.7816738816738817
dumbbell lateral raise,Dumbbell Lying One Arm Rear Lateral Raise,True,0.700945744151319
dumbbell lateral raise,Dumbbell One Arm Seated Lateral Raise,True,0.7341287716287717
dumbbell lateral raise,Dumbbell Lying Rear Lateral Raise,True,0.7883333333333333
dumbbell lateral raise,Lever Lateral Raise,True,0.7539953102453103
dumbbell lateral raise,Dumbbell Seated Lateral Raise,True,0.8471743295019156
dumbbell lateral raise,Lever Lateral Raise,True,0.7539953102453103
dumbbell lateral raise,Dumbbell Seated Rear Lateral Raise,True,0.7791830065359477
dumbbell lateral raise,Dumbbell Lying Lateral Raise,True,0.8595238095238096
dumbbell lateral raise,Dumbbell Incline Lateral Raise,True,0.8337301587301587
dumbbell lateral raise,Cable Lateral Raise,True,0.7627976190476191
dumbbell lateral raise,Dumbbell Rear Lateral Raise,True,0.8783179012345679
dumbbell upright row,Dumbbell Upright Row,True,1.0
dumbbell upright row,Dumbbell Seated Upright Row,True,0.8289792768959435
dumbbell upright row,Barbell Upright Row,True,0.846626984126984
dumbbell upright row,Dumbbell One Arm Upright Row,True,0.8067460317460318
dumbbell upright row,Barbell Wide Grip Upright Row,True,0.689176245210728
cable front raise (bilateral),Cable Lateral Raise (pulleys close),True,0.7049710254472159
lying rear delt barbell raise,Dumbbell Lying Rear Lateral Raise,True,0.7355880230880232
lying rear delt barbell raise,Barbell Rear Delt Raise,True,0.7529022988505747
lying rear delt barbell raise,Dumbbell Side Lying Rear Delt Raise,True,0.7611607142857143
lying rear delt barbell raise,Lever Lying Rear Lateral Raise,True,0.7533333333333334
lying rear delt barbell raise,Barbell Lying Rear Delt Row,True,0.7626532567049809
lying rear delt barbell raise,Barbell Rear Delt Row,True,0.6533309386973181
lying rear delt barbell raise,Dumbbell Lying Rear Delt Row,True,0.7406294471811713
one arm dumbbell lateral raise,Dumbbell One Arm Lateral Raise,True,0.8444444444444443
one arm dumbbell lateral raise,Dumbbell Lateral Raise,True,0.8007142857142857
one arm dumbbell lateral raise,Dumbbell Lying One Arm Rear Lateral Raise,True,0.7442799070847852
one arm dumbbell lateral raise,Dumbbell One Arm Seated Lateral Raise,True,0.7887137137137137
one arm dumbbell lateral raise,Cable One Arm Rear Lateral Raise,True,0.7999007936507937
one arm dumbbell lateral raise,Cable One Arm Lateral Raise,True,0.8021230158730158
one arm dumbbell lateral raise,Dumbbell Rear Lateral Raise,True,0.7743055555555556
reverse one-arm cable tricep extension,Cable Bar Bent-over Triceps Extension,True,0.6975399809046425
reverse one-arm cable tricep extension,Cable Bent-over Triceps Extension,True,0.6917009786370689
weighted tricep dips,Weighted Triceps Dip,True,0.9365079365079365
weighted tricep dips,Triceps Dip,True,0.6382275132275133
one-arm standing overhead cable tricep extension,Cable Bar Bent-over Triceps Extension,True,0.6776561318972033
one-arm standing overhead cable tricep extension,Cable Bent-over Triceps Extension,True,0.6634837962962963
overhead tricep extension sled drag,Lever Overhead Triceps Extension,True,0.7742261904761905
reverse grip close grip bench press,Lever Close Grip Incline Bench Press,True,0.8168386243386243
reverse grip close grip bench press,Barbell Close Grip Bench Press,True,0.8166666666666667
reverse grip close grip bench press,Barbell Close Grip Incline Bench Press,True,0.7744319131161237
reverse grip close grip bench press,Lever Seated Close Grip Press,True,0.7317460317460318
reverse grip close grip bench press,Smith Close Grip Incline Bench Press,True,0.7682341269841269
reverse grip close grip bench press,Smith Close Grip Bench Press,True,0.7913095238095238
one arm bent over dumbbell tricep kickback,Dumbbell One Arm Triceps Extension,True,0.619359410430839
seated dumbbell tricep extension,Dumbbell Incline Triceps Extension,True,0.7856559290382821
seated dumbbell tricep extension,Dumbbell Triceps Extension,True,0.8333333333333333
seated dumbbell tricep extension,Dumbbell Decline Triceps Extension,True,0.7822663787737317
seated dumbbell tricep extension,Barbell Triceps Extension,True,0.7491319444444444
seated dumbbell tricep extension,Dumbbell Reclined Triceps Extension,True,0.7766121031746032
seated dumbbell tricep extension,Dumbbell Lying Triceps Extension,True,0.7950892857142857
one-arm cable tricep extension,Cable Bar Bent-over Triceps Extension,True,0.7151635053420768
one-arm cable tricep extension,Cable Bent-over Triceps Extension,True,0.7404972342472342
close grip bench press,Lever Close Grip Incline Bench Press,True,0.7707671957671958
close grip bench press,Barbell Close Grip Bench Press,True,0.8447619047619047
close grip bench press,Barbell Close Grip Incline Bench Press,True,0.7533416875522139
close grip bench press,Smith Close Grip Incline Bench Press,True,0.7659060846560846
close grip bench press,Smith Close Grip Bench Press,True,0.8670238095238095
overhead banded tricep extension,Lever Overhead Triceps Extension,True,0.8197420634920635
close-grip push-up,Close Grip Push-up,True,0.9722222222222222
close-grip push-up,Weighted Close Grip Push-up,True,0.7922453703703705
tricep dips,Weighted Triceps Dip,True,0.6609126984126985
tricep dips,Lever Triceps Dip,True,0.7018576875194522
tricep dips,Triceps Dip,True,0.891504329004329
tricep dips,Cable Triceps Dip,True,0.7018576875194522
tricep dips,Lever Triceps Dip,True,0.7018576875194522
smith machine reverse close grip bench press,Lever Close Grip Incline Bench Press,True,0.7273165326736755
smith machine reverse close grip bench press,Barbell Close Grip Bench Press,True,0.7051592455163883
smith machine reverse close grip bench press,Barbell Close Grip Incline Bench Press,True,0.6985595753452896
smith machine reverse close grip bench press,Smith Close Grip Incline Bench Press,True,0.7769325912183056
smith machine reverse close grip bench press,Smith Close Grip Bench Press,True,0.7872964337250052
alternate lying dumbbell extension,Dumbbell Lying Triceps Extension,True,0.7102085278555867
cable concentration tricep extension,Cable Decline Triceps Extension,True,0.7820360195360195
cable concentration tricep extension,Cable Incline Triceps Extension,True,0.791295278795279
cable concentration tricep extension,Cable Kneeling Triceps Extension,True,0.7902949481074482
cable concentration tricep extension,Cable Triceps Extension,True,0.7596153846153846
cable concentration tricep extension,Cable Side Triceps Extension,True,0.7640796703296703
cable concentration tricep extension,Cable Forward Triceps Extension,True,0.774394586894587
cable concentration tricep extension,Cable Lying Triceps Extension,True,0.7589870777370777
close grip ez bar press,Barbell Close Grip Bench Press,True,0.7320634920634921
close grip ez bar press,Barbell Close Grip Incline Bench Press,True,0.6793253968253968
lying single dumbbell extension,Barbell Lying Triceps Extension,True,0.7074964797747055
lying single dumbbell extension,Dumbbell Lying Triceps Extension,True,0.7262896825396825
inline bench french press,Lever Close Grip Incline Bench Press,True,0.6679563492063493
inline bench french press,Barbell Close Grip Incline Bench Press,True,0.6546244082428294
reverse grip cable tricep extension,Cable Decline Triceps Extension,True,0.7321428571428571
reverse grip cable tricep extension,Cable Incline Triceps Extension,True,0.7321428571428571
reverse grip cable tricep extension,Lever Triceps Extension,True,0.694404761904762
reverse grip cable tricep extension,Cable Kneeling Triceps Extension,True,0.7263806216931217
reverse grip cable tricep extension,Cable Triceps Extension,True,0.7513888888888889
reverse grip cable tricep extension,Cable Side Triceps Extension,True,0.7280753968253968
reverse grip cable tricep extension,Cable Forward Triceps Extension,True,0.7178571428571429
reverse grip cable tricep extension,Lever Triceps Extension,True,0.694404761904762
reverse grip cable tricep extension,Cable Lying Triceps Extension,True,0.7153273809523809
lying pronated dumbbell tricep extension,Dumbbell Incline Triceps Extension,True,0.7135119047619047
lying pronated dumbbell tricep extension,Barbell Lying Triceps Extension,True,0.7079613095238095
lying pronated dumbbell tricep extension,Dumbbell Triceps Extension,True,0.7332936507936507
lying pronated dumbbell tricep extension,Dumbbell Reclined Triceps Extension,True,0.7221428571428572
lying pronated dumbbell tricep extension,Dumbbell Lying Triceps Extension,True,0.7577380952380952
incline dumbbell tricep extension,Dumbbell Incline Triceps Extension,True,0.8322829131652661
incline dumbbell tricep extension,Barbell Decline Triceps Extension,True,0.7457386363636365
incline dumbbell tricep extension,Cable Incline Triceps Extension,True,0.7941693722943723
incline dumbbell tricep extension,Barbell Incline Triceps Extension,True,0.8150027056277056
incline dumbbell tricep extension,Dumbbell One Arm Reclined Triceps Extension,True,0.6975427202534761
incline dumbbell tricep extension,Dumbbell Triceps Extension,True,0.8227813852813852
incline dumbbell tricep extension,Dumbbell Decline Triceps Extension,True,0.8084733893557423
incline dumbbell tricep extension,Barbell Triceps Extension,True,0.7351077741702741
incline dumbbell tricep extension,Lever Incline Triceps Extension,True,0.7789329304954306
incline dumbbell tricep extension,Dumbbell Reclined Triceps Extension,True,0.7950892857142857
incline dumbbell tricep extension,Dumbbell Lying Triceps Extension,True,0.7913419913419913
incline dumbbell tricep extension,Barbell Reclined Triceps Extension,True,0.7331057422969187
reverse grip one-arm standing overhead cable tricep extension,Cable Bar Bent-over Triceps Extension,True,0.6266042464344571
reverse grip one-arm standing overhead cable tricep extension,Cable Bent-over Triceps Extension,True,0.6108540419810912
straight bar tricep extension,Barbell Triceps Extension,True,0.7449498836891078
bench dip,Weighted Bench Dip,True,0.7125
bench dip,Bench Dip,True,1.0
decline close grip bench press,Lever Close Grip Incline Bench Press,True,0.7853174603174603
decline close grip bench press,Close Grip Decline Pushup,True,0.669484126984127
decline close grip bench press,Barbell Close Grip Bench Press,True,0.8535714285714284
decline close grip bench press,Barbell Close Grip Incline Bench Press,True,0.769110275689223
decline close grip bench press,Smith Close Grip Incline Bench Press,True,0.7758267195767196
decline close grip bench press,Smith Close Grip Bench Press,True,0.8413095238095238
decline lying dumbbell extension,Dumbbell Decline Triceps Extension,True,0.7360410830999067
decline lying dumbbell extension,Dumbbell Reclined Triceps Extension,True,0.6892361111111112
decline lying dumbbell extension,Dumbbell Lying Triceps Extension,True,0.7531828703703703
close grip pin press,Lever Close Grip Incline Bench Press,True,0.6776455026455026
close grip pin press,Barbell Close Grip Incline Bench Press,True,0.6629003063213589
close grip chest press,Barbell Close Grip Bench Press,True,0.7222619047619048
close grip chest press,Lever Seated Close Grip Press,True,0.7053927203065133
smith machine close grip bench press,Lever Close Grip Incline Bench Press,True,0.7435515873015873
smith machine close grip bench press,Barbell Close Grip Bench Press,True,0.7623875661375661
smith machine close grip bench press,Barbell Close Grip Incline Bench Press,True,0.7390403091060986
smith machine close grip bench press,Smith Close Grip Incline Bench Press,True,0.8558201058201058
smith machine close grip bench press,Smith Close Grip Bench Press,True,0.8661375661375662
rolling dumbbell extension,Dumbbell Triceps Extension,True,0.7464387464387464
rolling dumbbell extension,Dumbbell Reclined Triceps Extension,True,0.6671626984126984
rolling dumbbell extension,Dumbbell Lying Triceps Extension,True,0.7040674603174603
three bench dip,Bench Dip,True,0.7222222222222223
high pulley overhead tricep extension (rope extension),Suspended Triceps Extension (with rope),True,0.6624996063240112
high pulley overhead tricep extension (rope extension),Cable Triceps Extension (with rope),True,0.6441133629377678
lying barbell reverse extension,Barbell Lying Triceps Extension,True,0.7534562211981567
single bench dip,Weighted Bench Dip,True,0.7291666666666667
single bench dip,Bench Dip,True,0.7083333333333334
incline close grip bench press,Lever Close Grip Incline Bench Press,True,0.8027777777777777
incline close grip bench press,Barbell Close Grip Bench Press,True,0.8396825396825396
incline close grip bench press,Barbell Close Grip Incline Bench Press,True,0.7756056808688387
incline close grip bench press,Smith Close Grip Incline Bench Press,True,0.804861111111111
incline close grip bench press,Smith Close Grip Bench Press,True,0.8551984126984127
weighted bench dip,Weighted Bench Dip,True,1.0
weighted bench dip,Bench Dip,True,0.6847222222222222
lying dumbbell extension,Barbell Lying Triceps Extension,True,0.7162818420378904
lying dumbbell extension,Dumbbell Lying Triceps Extension,True,0.7398313492063492
lying cable tricep extension,Cable Decline Triceps Extension,True,0.7743855606758832
lying cable tricep extension,Barbell Lying Triceps Extension,True,0.7857334869431644
lying cable tricep extension,Cable Incline Triceps Extension,True,0.7743855606758832
lying cable tricep extension,Cable Kneeling Triceps Extension,True,0.7507853835978836
lying cable tricep extension,Cable Triceps Extension,True,0.8216269841269841
lying cable tricep extension,Cable Side Triceps Extension,True,0.8005456349206349
lying cable tricep extension,Cable Bar Lying Triceps Extension,True,0.7883802308802309
lying cable tricep extension,Cable Lying Triceps Extension,True,0.8561165845648604
lying cable tricep extension,Dumbbell Lying Triceps Extension,True,0.765922619047619
dumbbell tricep kickback,Dumbbell Kickback,True,0.8078703703703702
smith machine incline tricep extension,Cable Incline Triceps Extension,True,0.7658333333333334
