name,relation,equipment
plantar fascia lacrosse ball,USES,lacrosse ball
landmine rotation,USES,landmine
tall kneeling cable lift,USES,cable
side plank with hip dip,USES,bodyweight
wood chop,USES,cable
it band foam rolling,USES,foam roll
seated cable row,USES,cable
glute kick back,USES,bodyweight
hyperextension,USES,bodyweight
machine row,USES,machine
good mornings,USES,barbell
reverse grip bent-over dumbbell row,USES,dumbbell
bodyweight glute bridge,USES,bodyweight
standing wrist curl behind back,USES,barbell
weight plate pinches,USES,other
wrist rollers,USES,other
dumbbell wrist curl over bench,USES,dumbbell
reverse grip barbell curl,USES,barbell
barbell bench press,USES,barbell
standing alternate dumbbell reverse curl,USES,dumbbell
fat gripz dumbbell farmers carry,USES,dumbbell
dumbbell flys,USES,dumbbell
reverse dumbbell wrist curl over bench,USES,dumbbell
one arm reverse dumbbell preacher curl,USES,dumbbell
decline dumbbell bench press,USES,dumbbell
standing cable fly,USES,cable
one arm kettlebell swing,USES,kettle bells
glute ham raise (ghr),USES,bodyweight
double kettlebell single leg deadlift,USES,kettle bells
snatch grip deadlift,USES,barbell
dumbbell stiff leg deadlift (on bench),USES,dumbbell
single leg valslide leg curl,USES,valslide
weighted crunch,USES,other
banded conventional deadlift,USES,barbell
snatch grip deficit deadlift,USES,barbell
hamstring foam rolling,USES,foam roll
trap bar deadlift against chains,USES,trap bar
standing cable reverse curl,USES,cable
pallof press,USES,cable
twisting hanging knee raise,USES,bodyweight
straight leg toe touch (floor toe reach),USES,bodyweight
floor crunch (legs on bench),USES,bodyweight
jump rope,USES,jump rope
exercise ball on-the-wall calf raise,USES,exercise ball
(posterior) calves tiger tail,USES,tiger tail
abdominal air bike (aka bicycle),USES,bodyweight
reverse crunch to dead bug,USES,kettle bells
abominal hip thrust,USES,bodyweight
kettlebell racked crossover walk,USES,kettle bells
one arm seated dumbbell wrist curl,USES,dumbbell
half kneeling push-pull,USES,cable
standing barbell twist,USES,barbell
decline bench leg raise,USES,bodyweight
decline abdominal reach,USES,bodyweight
bench jack knife,USES,bodyweight
standing smith machine wrist curl (behind back),USES,machine
ez bar reverse grip preacher curl,USES,ez bar
decline bench knee raise,USES,bodyweight
tall kneeling push-pull,USES,cable
snatch,USES,barbell
narrow stance high bar back squat,USES,barbell
split squat with iso-hold,USES,bodyweight
1/4 squat,USES,barbell
smith machine zercher squat,USES,machine
landmine reverse lunge,USES,landmine
power jerk,USES,barbell
split squat with banded adduction,USES,bands
seated reverse barbell wrist curl,USES,barbell
reverse grip preacher curl,USES,barbell
one arm neutral dumbbell wrist curl over bench,USES,dumbbell
overhead barbell carry,USES,barbell
pit shark belt squat,USES,machine
reverse lunge with lateral flexion,USES,bodyweight
seated neutral dumbbell wrist curl,USES,dumbbell
ipsilateral load dumbbell front lunge,USES,dumbbell
seated dumbbell wrist curl,USES,dumbbell
barbell suitcase carry,USES,barbell
trap bar farmers carry,USES,trap bar
seated reverse dumbbell wrist curl,USES,dumbbell
one arm reverse dumbbell wrist curl over bench,USES,dumbbell
trap bar overhead carry,USES,trap bar
dumbbell farmers carry,USES,dumbbell
reverse concentration curl,USES,dumbbell
kettlebell single arm racked carry,USES,kettle bells
one arm seated reverse dumbbell wrist curl,USES,dumbbell
2 kb kettlebell snatch,USES,kettle bells
double kettlebell front squat,USES,kettle bells
barbell reverse lunge,USES,barbell
exercise ball dip,USES,exercise ball
45 degree lying tricep extension (ez bar),USES,ez bar
3 month position kettlebell pullover,USES,kettle bells
lying pallof press,USES,cable
lying cable crunch,USES,cable
lying knee tuck to heel raise,USES,bodyweight
overhead tricep extension sled drag,USES,sled
medicine ball dead bug,USES,medicine ball
pallof press with rotation,USES,cable
floor barbell twist,USES,barbell
high pulley overhead tricep extension,USES,cable
exercise ball french press,USES,exercise ball
alternate lying dumbbell extension,USES,dumbbell
close grip press behind the neck,USES,barbell
banded skullcrusher,USES,bands
dumbbell tate press,USES,dumbbell
decline bench cable crunch,USES,cable
reverse grip french press,USES,barbell
seated low pulley overhead tricep extension (rope extension),USES,cable
one-arm seated bent-over dumbbell kickback,USES,dumbbell
two arm cable tricep kickback,USES,cable
banded alphabet,USES,bands
one-arm seated overhead tricep extension,USES,cable
decline lying dumbbell extension,USES,dumbbell
seated ez bar french press,USES,ez bar
incline dumbbell tricep extension,USES,dumbbell
reverse grip one-arm seated overhead tricep extension,USES,cable
close grip ez bar press,USES,ez bar
alternating dumbbell floor press,USES,dumbbell
kettlebell floor press,USES,kettle bells
overhead banded tricep extension,USES,bands
three bench dip,USES,bodyweight
seated low pulley overhead tricep extension,USES,cable
cable concentration tricep extension,USES,cable
seated bent over tricep dumbbell kickback,USES,dumbbell
twisting floor crunch,USES,bodyweight
twisting cable crunch,USES,cable
decline close grip bench press,USES,barbell
one-arm standing overhead cable tricep extension,USES,cable
alternate seated bent-over dumbbell kickback,USES,dumbbell
smith machine close grip bench press,USES,machine
alternate bent-over dumbbell kickback,USES,dumbbell
standing overhead ez bar tricep extension,USES,ez bar
smith machine reverse close grip bench press,USES,machine
lying on floor tricep extension (rope extension),USES,cable
lying barbell reverse extension,USES,barbell
close grip chest press,USES,barbell
lying single dumbbell extension,USES,dumbbell
weighted bench dip,USES,other
rolling dumbbell extension,USES,dumbbell
kneeling overhead tricep extension over flat bench,USES,cable
smith machine incline tricep extension,USES,machine
upper body band resistance dead bug,USES,bands
ring dip,USES,rings
kettlebell windmill,USES,kettle bells
reverse grip cable tricep kickback,USES,cable
california skullcrusher,USES,ez bar
exercise ball one-arm dumbbell extension,USES,exercise ball
exercise ball plank,USES,exercise ball
exercise ball leg tuck,USES,exercise ball
decline bench alternate knee raise,USES,bodyweight
exercise ball dead bug,USES,exercise ball
standing push-pull,USES,cable
decline lying tricep extension (skullcrusher),USES,ez bar
decline cable knee raise,USES,cable
frog sit up,USES,bodyweight
twisting decline sit up,USES,bodyweight
alternate straight leg lower,USES,bodyweight
sphinx push up,USES,bodyweight
seated dumbbell side bends,USES,dumbbell
triceps lacrosse ball,USES,lacrosse ball
medicine ball rollouts,USES,medicine ball
exercise ball two-arm dumbbell extension,USES,dumbbell
wall press straight leg extension,USES,bodyweight
close grip pin press,USES,barbell
exercise ball hip roll,USES,exercise ball
shoulder taps,USES,bodyweight
dead bug with plates,USES,other
seated barbell twist,USES,barbell
reverse grip one-arm standing overhead cable tricep extension,USES,cable
twisting bench crunch,USES,bodyweight
twisting dumbbell bench press,USES,dumbbell
standing two-arm tricep cable extension,USES,cable
lying alternate knee raise,USES,bodyweight
wall press 90/90 extension,USES,bodyweight
wall press heel tap,USES,bodyweight
inline bench french press,USES,barbell
weighted side touches,USES,other
lying bench leg raise,USES,bodyweight
alternate reach and catch,USES,bodyweight
kettlebell dead bug,USES,kettle bells
abdominal pendulum,USES,bodyweight
lower body band resistance dead bug,USES,bands
lying cable knee raise,USES,cable
hands overhead ab crunch,USES,bodyweight
reverse one-arm cable tricep extension,USES,cable
reach and catch,USES,bodyweight
eccentric only dip,USES,bodyweight
offset single kettlebell front squat,USES,kettle bells
narrow squat,USES,barbell
one-arm seated dumbbell kickback,USES,dumbbell
incline cable tricep extension (rope extension),USES,cable
lateral raise partials,USES,dumbbell
safety bar squat,USES,safety bar
weighted exercise ball wall squat,USES,exercise ball
dumbbell goblet split squat,USES,dumbbell
one-arm lying dumbbell extension,USES,dumbbell
reverse lunge elbow to instep with rotation,USES,bodyweight
reverse grip skull crusher,USES,barbell
one leg hack squat,USES,machine
lying dumbbell curl,USES,dumbbell
exercise ball dumbbell kickbacks,USES,exercise ball
squatting cable curl,USES,cable
clean,USES,barbell
alternate seated arnold press,USES,dumbbell
z press,USES,barbell
rotational medicine ball throw,USES,medicine ball
exercise ball barbell press,USES,exercise ball
lying rear delt barbell raise,USES,barbell
tall kneeling one arm bottoms up kettlebell press,USES,kettle bells
one arm seated arnold press,USES,dumbbell
half kneeling landmine press,USES,landmine
one arm seated palms in dumbbell press,USES,dumbbell
half kneeling battling rope,USES,rope
one arm lying dumbbell reverse fly,USES,dumbbell
half kneeling bottoms up kettlebell press,USES,kettle bells
one arm standing arnold press,USES,dumbbell
alternating waves with kneeling get ups battling ropes,USES,rope
alternate lying dumbbell reverse fly,USES,dumbbell
alternate dumbbell lateral raise,USES,dumbbell
arm circles,USES,bodyweight
alternate seated palms in dumbbell press,USES,dumbbell
seated alternate dumbbell lateral raise,USES,dumbbell
banded bent over reverse fly,USES,bands
one arm standing dumbbell press,USES,dumbbell
alternate standing dumbbell front raise,USES,dumbbell
one arm bent over dumbbell reverse fly,USES,dumbbell
banded lateral raise,USES,bands
rotational medicine ball step behind shot put,USES,medicine ball
one arm cable reverse fly,USES,cable
shuffle into rotational medicine ball throw,USES,medicine ball
lying dumbbell reverse fly,USES,dumbbell
reverse flys on rings,USES,rings
alternate seated dumbbell front raise,USES,dumbbell
cable preacher curl,USES,cable
lying barbell curl on incline bench,USES,barbell
prone incline dumbbell curl,USES,dumbbell
lying shoulder press,USES,dumbbell
reverse fly sled drag,USES,sled
exercise ball dumbbell curl,USES,dumbbell
rope cable preacher curl,USES,cable
alternating big waves battling ropes,USES,rope
standing one arm bottoms up kettlebell press,USES,kettle bells
incline bench hammer curl,USES,dumbbell
seated hammer curl,USES,dumbbell
one arm standing dumbbell front raise,USES,dumbbell
standing one arm kettlebell press,USES,kettle bells
alternating standing kettlebell press,USES,kettle bells
knee to elbow dumbbell external rotation,USES,dumbbell
alternating small waves battling ropes,USES,rope
rotational medicine ball scoop toss facing wall,USES,medicine ball
band resistance single arm standing landmine press,USES,landmine
lying cable front raise,USES,cable
standing kettlebell press,USES,kettle bells
close grip standing barbell curl,USES,barbell
one arm prone hammer dumbbell curl,USES,dumbbell
barbell drag curl,USES,barbell
one-arm prone incline dumbbell curl,USES,dumbbell
one arm dumbbell preacher curl,USES,dumbbell
double wave battling rope,USES,rope
tall kneeling one arm kettlebell press,USES,kettle bells
alternate dumbbell hammer preacher curl,USES,dumbbell
lying high pulley close grip cable curl,USES,cable
alternate incline dumbbell curl,USES,dumbbell
cable concentration curl,USES,cable
lying wide dumbbell curl,USES,dumbbell
one arm seated hammer curl,USES,dumbbell
wide grip ez bar curl,USES,ez bar
seated dumbbell front raise,USES,dumbbell
two arm low pulley cable curl,USES,cable
serrano press,USES,dumbbell
standing banded face pull to chest,USES,bands
seated kettlebell press,USES,kettle bells
seated bradford press (aka seated rocky press),USES,barbell
rotational med ball shot put,USES,medicine ball
alternate dumbbell reverse fly on incline bench,USES,dumbbell
standing palms in dumbbell press,USES,dumbbell
"standing external rotation (""no money drill"")",USES,bands
lying cable curl (floor),USES,cable
incline bench dumbbell curl,USES,dumbbell
bicep curl sled drag,USES,sled
supinated 90 degree band pull apart,USES,bands
bus drivers,USES,other
alternate seated hammer curl,USES,dumbbell
trap bar shoulder press,USES,trap bar
jumping jacks battling ropes,USES,rope
smith machine shoulder press behind neck,USES,machine
one arm seated dumbbell press,USES,dumbbell
alternate standing dumbbell press,USES,dumbbell
standing dublin press,USES,dumbbell
half kneeling banded external rotation,USES,bands
scapular wall slide,USES,bodyweight
half kneeling kettlebell press,USES,kettle bells
lying single arm trap raise,USES,bodyweight
banded shoulder dislocates,USES,bands
exercise ball dumbbell press,USES,exercise ball
power slam battling rope,USES,rope
3-d band pull apart,USES,bands
clean press,USES,barbell
reverse lunge with alternating waves battling ropes,USES,rope
bent over rear delt fly (head on bench),USES,dumbbell
cable face pull with external rotation,USES,cable
standing bradford press (rocky press),USES,barbell
face pulls on rings,USES,rings
half kneeling dumbbell press,USES,dumbbell
banded upright row,USES,bands
anti-gravity press,USES,ez bar
seated cuban press,USES,dumbbell
pronated 90 degree band pull apart,USES,bands
back to wall alternating shoulder flexion,USES,bodyweight
seated barbell front raise,USES,barbell
no counter movement rotational medicine ball throw,USES,medicine ball
step behind rotational medicine ball throw,USES,medicine ball
landmine thruster,USES,landmine
shoulder to shoulder press,USES,landmine
barbell overhead front raise,USES,barbell
one arm seated dumbbell front raise,USES,dumbbell
cable external rotation,USES,machine
dumbbell 6 ways (raise),USES,dumbbell
lunge jump with alternating waves battling ropes,USES,rope
exercise ball lateral raise,USES,exercise ball
forearm wall slide,USES,bodyweight
one arm dumbbell front raise on incline bench,USES,dumbbell
bench supported dumbbell external rotation,USES,dumbbell
lateral slam battling rope,USES,rope
double arm circles battling ropes,USES,rope
kettlebell halo,USES,kettle bells
alternate seated bent over dumbbell reverse fly,USES,dumbbell
one arm dumbbell rear delt fly on incline bench,USES,dumbbell
one arm seated bent over dumbbell reverse fly,USES,dumbbell
back to wall shoulder flexion,USES,bodyweight
single arm banded external rotation,USES,bands
rotational medicine ball shuffle into shot put,USES,medicine ball
kettlebell arm bar,USES,kettle bells
side lying rear delt fly,USES,dumbbell
one arm cable front raise,USES,cable
kettlebell angled press,USES,kettle bells
ipsilateral load split squat,USES,dumbbell
seated one arm dumbbell lateral raise,USES,dumbbell
one arm standing palms in dumbbell press,USES,dumbbell
modified handstand push up (off box),USES,box
seated high barbell front raise,USES,barbell
one arm dumbbell wrist curl over bench,USES,dumbbell
barbell side split squat,USES,barbell
russian twist,USES,bodyweight
seated leg tucks,USES,bodyweight
reverse band box squat,USES,barbell
plate pinch carry,USES,other
kettlebell single arm bottoms up carry,USES,kettle bells
band resisted box squat,USES,bands
1/2 squat,USES,barbell
snatch balance,USES,barbell
barbell step ups,USES,barbell
half kneeling pvc pec mobilization,USES,bodyweight
lateral hand walk push up,USES,bodyweight
hammer bar preacher curl,USES,barbell
standing low-pulley overhead tricep extension,USES,cable
band assisted dip,USES,bands
dumbbell hammer preacher curl,USES,dumbbell
one arm bottoms up kettlebell floor press,USES,kettle bells
exercise ball dumbbell bench press,USES,exercise ball
wide grip cable curl,USES,cable
dumbbell split jump,USES,dumbbell
front barbell step up,USES,barbell
standing banded face pull,USES,bands
prone incline hammer curl,USES,dumbbell
seated neutral grip dumbbell press,USES,dumbbell
walking quad stretch to overhead lunge,USES,bodyweight
dumbbell reverse fly on incline bench,USES,dumbbell
dumbbell twist fly,USES,dumbbell
rocking standing calf raise,USES,barbell
ring push up,USES,rings
cross body arm swings,USES,bodyweight
alternating dumbbell bench press on exercise ball,USES,exercise ball
resistance banded dumbbell bench press,USES,dumbbell
split stance pallof press,USES,cable
2 board bench press,USES,barbell
eccentric only incline push up,USES,bodyweight
smith machine bench press,USES,machine
self-assisted straight bar dip,USES,bodyweight
muscle up,USES,bodyweight
decline dumbbell twist fly,USES,dumbbell
push up jacks,USES,bodyweight
t-push up,USES,bodyweight
wide grip barbell bench press,USES,barbell
fingertip push ups,USES,bodyweight
alternating incline dumbbell fly,USES,dumbbell
valslide push up,USES,valslide
yoga push up,USES,bodyweight
exercise ball push up,USES,exercise ball
3 board bench press,USES,barbell
shoulder tap push up,USES,bodyweight
bench press against chains,USES,chains
push up with knee drive,USES,bodyweight
bench push-up,USES,bodyweight
standing medicine ball chest throw,USES,medicine ball
alternating dumbbell bench press (low start),USES,dumbbell
wide grip incline push up,USES,bodyweight
one arm medicine ball push up,USES,medicine ball
reverse grip dumbbell squeeze press,USES,dumbbell
one-leg hack squat calf raise,USES,machine
smith machine seated calf raise,USES,machine
anterior calf tiger tail,USES,tiger tail
double jump jump rope,USES,jump rope
hack squat calf raise,USES,machine
one-leg smith machine seated calf raise,USES,machine
chain fly,USES,chains
standing pvc pec mobilization,USES,other
45 degree calf raise (toes out),USES,machine
rocking gastrocnemius emphasis ankle mobilization,USES,bodyweight
one-leg seated calf raise,USES,machine
peroneal tiger tail,USES,tiger tail
reverse grip bench press,USES,barbell
pec foam rolling,USES,foam roll
push up with mountain climber,USES,bodyweight
front to back jump rope,USES,jump rope
cable inner chest press,USES,cable
one-arm dumbbell bench press,USES,dumbbell
one arm bottoms up kettlebell bench press,USES,kettle bells
alternating reach push up,USES,bodyweight
lying cable pullover (rope extension),USES,cable
pec lacrosse ball,USES,lacrosse ball
band suspended kettlebell bench press,USES,barbell
alternating decline dumbbell fly,USES,dumbbell
alternating dumbbell fly,USES,dumbbell
reverse grip incline push up,USES,bench
exercise ball cable fly,USES,exercise ball
push up (feet on swiss ball),USES,exercise ball
paused push up,USES,bodyweight
sled press,USES,sled
half kneeling medicine ball chest pass,USES,medicine ball
wide grip reverse bench press,USES,barbell
smith machine wide grip bench press,USES,machine
alternating medicine ball push up,USES,medicine ball
knee push-up,USES,bodyweight
push up to side plank,USES,bodyweight
incline dumbbell twist fly,USES,dumbbell
barbell pullover and press,USES,barbell
floor press,USES,barbell
single leg medicine ball chest pass wall tap,USES,medicine ball
flat bench cable flys,USES,cable
eccentric only push up,USES,bodyweight
neutral grip incline dumbbell bench press,USES,dumbbell
exercise ball dumbbell fly,USES,exercise ball
rack pec stretch,USES,bodyweight
decline cable chest press,USES,cable
reverse grip incline bench press,USES,barbell
knuckle push up,USES,bodyweight
dumbbell bench press rotational grip,USES,dumbbell
bosu ball push up,USES,other
wide grip decline bench press,USES,bench
decline cable flys,USES,cable
neutral grip decline dumbbell bench press,USES,dumbbell
tall kneeling medicine ball chest pass,USES,medicine ball
kettlebell push up,USES,kettle bells
cable chest press,USES,cable
rotating mountain climber,USES,bodyweight
reverse one arm cable curl,USES,cable
smith machine seated wrist curl,USES,machine
landmine goblet squat,USES,landmine
dumbbell thruster,USES,dumbbell
chair leg raise,USES,bodyweight
wide hack squat,USES,machine
ring fly,USES,rings
wide grip push ups,USES,bodyweight
standing low pulley overhead tricep extension (rope extension),USES,cable
close grip ez bar curl,USES,ez bar
high weight plate front raise,USES,other
incline cable chest press,USES,cable
decline push up (feet on bench),USES,bench
two arm cable curl on incline bench,USES,cable
cable tricep kickback,USES,cable
standing cable wrist curl (behind back),USES,cable
push press,USES,barbell
power clean,USES,barbell
split squat,USES,bodyweight
smith machine squat to bench,USES,machine
band resisted back squat,USES,bands
1 kb kettlebell clean & press,USES,kettle bells
overhead step up,USES,other
incline cable flys,USES,cable
standing low to high cable fly,USES,cable
incline push ups,USES,bodyweight
incline close grip bench press,USES,barbell
one arm bent over dumbbell tricep kickback,USES,dumbbell
banded tricep extension,USES,bands
seated french press,USES,barbell
lateral band walk,USES,bands
glute lacrosse ball,USES,lacrosse ball
banded glute bridge,USES,bands
sled pull through,USES,sled
side lying clam with band,USES,bands
incline hammer curl,USES,dumbbell
one arm dumbbell hammer preacher curl,USES,dumbbell
twisting standing dumbbell curl,USES,dumbbell
barbell hammer curl,USES,barbell
smith machine shrug,USES,machine
military press behind neck,USES,barbell
standing arnold press,USES,dumbbell
prisoner jump squat,USES,bodyweight
overhead squat,USES,barbell
weighted sissy squat,USES,other
snatch grip barbell shrug,USES,barbell
smith machine seated toe raise,USES,machine
one-leg donkey calf raise,USES,bodyweight
single leg side to side jump rope,USES,jump rope
smith machine toe raise,USES,machine
valslide leg curl,USES,valslide
alternating single leg jump rope,USES,jump rope
single leg one dumbbell deadlift,USES,dumbbell
inchworm,USES,bodyweight
ez bar reverse grip barbell curl,USES,ez bar
dead bug,USES,bodyweight
standing stomach vacuum,USES,bodyweight
banded sumo deadlift,USES,barbell
side plank,USES,bodyweight
side crunch with leg lift,USES,bodyweight
reverse grip cable curl,USES,cable
backward sled push,USES,sled
lying cable pullover,USES,cable
reverse grip close grip bench press,USES,barbell
dumbbell tricep kickback,USES,dumbbell
decline bench dumbbell lunge,USES,dumbbell
close grip dumbbell press (aka crush press),USES,dumbbell
alternate dumbbell bench press (high start),USES,dumbbell
one-arm seated dumbbell extension,USES,dumbbell
plate resisted glute ham raise,USES,other
paused sumo deadlift,USES,barbell
reverse hyperextension,USES,bodyweight
seated external rotation,USES,bands
trap bar rack pull,USES,trap bar
smith machine stiff leg deadlift,USES,machine
exercise ball preacher curl,USES,exercise ball
seated zottman curl,USES,dumbbell
reverse band sumo deadlift,USES,barbell
kettlebell sumo deadlift (1 kb),USES,kettle bells
banded trap bar deadlift,USES,trap bar
sumo deficit deadlift,USES,barbell
single leg landmine romanian deadlift,USES,landmine
partner assisted nordic hamstring curls,USES,bodyweight
reverse band deadlift,USES,barbell
single leg snatch grip romanian deadlift,USES,barbell
trap bar deficit deadlift,USES,trap bar
jefferson deadlift,USES,barbell
sumo deadlift,USES,barbell
snatch grip romanian deadlift,USES,barbell
smith machine bicep curl,USES,machine
alternate seated dumbbell curl,USES,dumbbell
barbell stiff leg deadlift (on bench),USES,barbell
barbell sumo romanian deadlift,USES,barbell
dumbbell upright row,USES,dumbbell
half kneeling banded face pull,USES,bands
wide squat,USES,barbell
clean & jerk,USES,barbell
one arm kettlebell z press,USES,kettle bells
seated cable shrug,USES,cable
low bar back squat,USES,barbell
seated dumbbell reverse curl,USES,dumbbell
smith machine one leg calf raise,USES,machine
lying cable upright row,USES,cable
one-leg cable calf raise,USES,cable
overhead barbell shrug,USES,barbell
single leg curl,USES,machine
posterior calf foam rolling,USES,foam roll
double kettlebell suitcase deadlift,USES,kettle bells
single leg jump rope,USES,jump rope
deficit deadlift,USES,barbell
exercise ball crunch,USES,exercise ball
sit up,USES,bodyweight
decline sit up,USES,bodyweight
plank to hip raise,USES,bodyweight
kettlebell goblet carry,USES,kettle bells
abdominal barbell rollouts,USES,barbell
one arm seated neutral dumbbell wrist curl,USES,dumbbell
lateral lunge to drop lunge,USES,bodyweight
weighted chest dip,USES,other
high pulley overhead tricep extension (rope extension),USES,cable
reverse grip cable tricep extension,USES,cable
ipsilateral load dumbbell rear lunge,USES,dumbbell
paused barbell bench press,USES,barbell
cable tricep extension with v-bar,USES,cable
smith machine incline bench press,USES,machine
one arm standing hammer curl,USES,dumbbell
one arm kettlebell floor press,USES,kettle bells
hip thruster with mini band,USES,hip thruster
ez bar curl,USES,barbell
wide grip standing barbell curl,USES,barbell
diagonal band walk,USES,bands
one arm seated dumbbell curl,USES,dumbbell
single leg good morning,USES,barbell
banded standing shoulder press,USES,bands
weight plate front raise,USES,other
standing dumbbell front raise,USES,dumbbell
kettlebell thruster,USES,kettle bells
bodyweight wall squat,USES,bodyweight
alternate seated dumbbell press,USES,dumbbell
reverse band back squats,USES,barbell
squat to stand w/ t-spine rotation,USES,bodyweight
lying cable shrug,USES,cable
knee break ankle mobilization,USES,bodyweight
peroneal foam rolling,USES,foam roll
single leg front to back jump rope,USES,jump rope
machine shrug,USES,machine
sumo high pull,USES,barbell
trap lacrosse ball,USES,lacrosse ball
dumbbell overhead carry,USES,dumbbell
neutral dumbbell wrist curl over bench,USES,dumbbell
double pause chin up,USES,bodyweight
kettlebell reverse lunge,USES,kettle bells
rope pull up,USES,bodyweight
reverse cable preacher curl,USES,cable
forearm flexors lacrosse ball,USES,lacrosse ball
back squat to box against chains,USES,chains
speed squats,USES,barbell
wide grip incline bench press,USES,barbell
neutral grip dumbbell bench press,USES,dumbbell
dumbbell twist press,USES,dumbbell
standing high to low cable fly,USES,cable
weighted tricep dips,USES,other
incline skullcrusher,USES,barbell
bodyweight hip thruster,USES,hip thruster
single leg hip thrust with dumbbell,USES,dumbbell
banded hip thruster,USES,hip thruster
single leg hip thrust,USES,bench
seated cable curl,USES,cable
standing high pulley cable curl,USES,cable
barbell preacher curl,USES,barbell
cable upright row,USES,cable
landmine lateral raise,USES,landmine
machine lateral raise,USES,machine
cable front raise (bilateral),USES,cable
one-arm seated cable row,USES,cable
kettlebell lateral lunge,USES,kettle bells
2 kb kettlebell clean,USES,kettle bells
field goal angel foam rolling,USES,foam roll
bent over kettlebell row,USES,kettle bells
wide grip chin up,USES,bodyweight
weighted pull up hang,USES,chains
band resisted chin up,USES,bands
single pause chin up,USES,bodyweight
rack lat stretch,USES,bodyweight
shotgun row,USES,cable
close grip chin up,USES,bodyweight
double pause pull up,USES,bodyweight
behind-the-back barbell shrug,USES,barbell
close grip pull up,USES,bodyweight
eccentric only chin up,USES,bodyweight
standing overhead medicine ball throw,USES,medicine ball
standing overhead medicine ball slam,USES,medicine ball
feet forward smith machine squat,USES,machine
snatch shrug,USES,barbell
inverted shrug,USES,bodyweight
yoga plex,USES,box
reverse grip incline bench cable row,USES,cable
double arm sled row,USES,sled
incline bench barbell row,USES,barbell
thoracic extension on foam roller,USES,foam roll
banded machine t-bar row,USES,machine
cable palm rotational row,USES,cable
batwing reverse sled drag,USES,sled
reverse grip incline bench two-arm dumbbell row,USES,dumbbell
t-bar machine shrug,USES,machine
smith machine one leg toe raise,USES,machine
seated barbell calf raise,USES,barbell
anterior calf foam rolling,USES,foam roll
resistance band assisted pull up (from foot),USES,bands
banded tibialis raise,USES,bands
skin the cat,USES,rings
lat pulldown (rope extension),USES,machine
single leg barbell romanian deadlift,USES,barbell
lying cable hamstring curl,USES,cable
snatch grip block pull deadlift,USES,barbell
ab crunch,USES,bodyweight
weighted chin up hang,USES,chains
hanging knee raise,USES,bodyweight
plank,USES,bodyweight
seated cable wrist curl,USES,cable
forearm extensors lacrosse ball,USES,lacrosse ball
decline dumbbell flys,USES,dumbbell
dumbbell high low carry,USES,dumbbell
sled sprint,USES,sled
high bar back squat,USES,barbell
one arm dumbbell fly,USES,dumbbell
one-arm standing dumbbell extension,USES,dumbbell
supine hip internal rotation,USES,bodyweight
french press,USES,barbell
single leg glute bridge,USES,bodyweight
standing dumbbell reverse curl,USES,dumbbell
one-arm cable curl,USES,cable
lat pulldown bicep curl,USES,machine
machine bicep curl,USES,machine
ghd back extension iso hold,USES,machine
one arm dumbbell lateral raise,USES,dumbbell
smith machine upright row,USES,machine
barbell front raise,USES,barbell
palm rotational row,USES,dumbbell
machine shoulder press,USES,machine
weighted inverted row,USES,rings
renegade row,USES,dumbbell
incline bench cable row,USES,cable
cycled split squat jump,USES,bodyweight
split snatch,USES,barbell
reverse lunge sled walk,USES,sled
seated dumbbell shrug,USES,dumbbell
snatch grip high pull,USES,barbell
one-arm dumbbell upright row,USES,dumbbell
2 kb kettlebell sumo deadlift high pull,USES,kettle bells
zerchers squat,USES,barbell
single leg circle jump rope,USES,jump rope
toes in smith machine calf raise,USES,machine
thibaudeau kayak row,USES,cable
reverse grip seated cable wrist curl,USES,cable
archer pull up,USES,bodyweight
single leg overhead medicine ball tap,USES,medicine ball
toes out standing calf raise,USES,machine
dumbbell side bends,USES,dumbbell
forearm tiger tail,USES,tiger tail
standing one arm dumbbell reverse curl,USES,dumbbell
hammer strength machine incline bench press,USES,machine
push up,USES,bodyweight
two arm standing dumbbell extension,USES,dumbbell
bench dip,USES,bodyweight
dumbbell floor press,USES,dumbbell
standing external rotation,USES,bands
glute foam rolling,USES,foam roll
spider curl,USES,barbell
figure 4 glute stretch,USES,bodyweight
cable curl (rope extension),USES,cable
seated behind the neck shoulder press,USES,barbell
zottman curl,USES,dumbbell
cable lateral raise,USES,cable
seated dumbbell lateral raise,USES,dumbbell
seated row using rope,USES,cable
weight vest weighted inverted row,USES,other
reverse grip smith machine bent-over row,USES,machine
1 kb kettlebell sumo deadlift high pull,USES,kettle bells
standing calf machine shrug,USES,machine
cable shrug,USES,cable
wide grip upright row,USES,barbell
posterior calf lacrosse ball,USES,lacrosse ball
bodyweight floor calf raise,USES,bodyweight
toes in standing machine calf raise,USES,machine
skipping jump rope,USES,jump rope
underhand close grip lat pulldown,USES,cable
band assisted chin up (from knee),USES,bands
l-sit pull up,USES,bodyweight
lying floor leg raise,USES,bodyweight
mixed grip chin up,USES,bodyweight
barbell wrist curl over bench,USES,barbell
hanging leg raise,USES,bodyweight
cable crossovers (upper chest),USES,cable
cable crunch,USES,cable
dumbbell reverse preacher curl,USES,dumbbell
zercher carry,USES,barbell
reverse dumbbell bench press,USES,dumbbell
decline bench press,USES,barbell
close grip bench press,USES,barbell
rope tricep extension,USES,cable
good mornings off pins,USES,barbell
dynamic pigeon,USES,bodyweight
alternating standing dumbbell curl,USES,dumbbell
hammer curl across the body aka pinwheel curls,USES,dumbbell
cable curl,USES,cable
concentration curl,USES,dumbbell
standing cable reverse fly,USES,cable
single arm cable lateral raise (crossbody),USES,cable
cable face pull,USES,cable
trap bar row,USES,trap bar
incline bench cable row (rope extension),USES,cable
seated bent over dumbbell reverse fly,USES,dumbbell
rope crossover seated row,USES,cable
reverse lunge sled row,USES,sled
high pull,USES,barbell
cable row to neck,USES,cable
clean shrug,USES,barbell
one-leg seated dumbbell calf raise,USES,dumbbell
cable calf raise,USES,cable
45 degree toe raise,USES,machine
overhand close grip lat pulldown,USES,machine
one-leg standing bodyweight calf raise,USES,bodyweight
trap bar romanian deadlift,USES,trap bar
lat foam rolling,USES,foam roll
l-sit chin up,USES,bodyweight
chest dip,USES,bodyweight
kettlebell romanian deadlift,USES,kettle bells
tricep dips,USES,bodyweight
lying barbell tricep extension (skull crusher),USES,barbell
bodyweight hip thrust,USES,bench
curtsy lunge (aka drop lunge),USES,bodyweight
x-band walk,USES,bands
banded multi directional toe touch,USES,bands
weighted hyperextension,USES,other
ez bar preacher curl,USES,barbell
standing dumbbell curl,USES,dumbbell
marching glute bridge,USES,bodyweight
standing barbell curl,USES,barbell
seated arnold press,USES,dumbbell
seated dumbbell press,USES,dumbbell
seated barbell shoulder press,USES,barbell
rocking frog stretch,USES,bodyweight
lateral kneeling adductor mobilization,USES,bodyweight
cable hip adduction,USES,cable
adductor foam rolling,USES,foam roll
standing dumbbell press,USES,dumbbell
inverted rope row,USES,rope
seated high cable row,USES,cable
deadstop rack row,USES,barbell
gittleson shrug,USES,dumbbell
world's greatest stretch,USES,bodyweight
smith machine one-arm row,USES,machine
tate press,USES,dumbbell
trap bar shrug,USES,trap bar
bodyweight standing calf raise,USES,bodyweight
donkey calf raise,USES,bodyweight
smith machine calf raise,USES,machine
rope climb,USES,rope
band assisted chin up (from foot),USES,bands
pull up with leg raise,USES,bodyweight
american deadlift,USES,barbell
exercise ball leg curl (shelc),USES,exercise ball
1 kettlebell single leg deadlift,USES,kettle bells
landmine rdl,USES,landmine
reverse barbell wrist curl over bench,USES,barbell
dumbbell suitcase carry,USES,dumbbell
hammer strength bench press,USES,machine
cable iron cross,USES,cable
incline dumbbell flys,USES,dumbbell
pec dec,USES,machine
seated dumbbell tricep extension,USES,dumbbell
ez bar skullcrusher,USES,ez bar
lying dumbbell extension,USES,dumbbell
seated good mornings,USES,barbell
barbell glute bridge,USES,barbell
incline dumbbell curl,USES,dumbbell
straight bar tricep extension,USES,cable
standing hammer curl,USES,dumbbell
bent over dumbbell reverse fly,USES,dumbbell
smith machine shoulder press,USES,machine
military press (aka overhead press),USES,barbell
hip adduction machine,USES,machine
dumbbell lateral raise,USES,dumbbell
deep squat prying,USES,kettle bells
high pull sled drag,USES,sled
alternating lateral lunge with overhead reach,USES,bodyweight
ez-bar reverse grip bent-over row,USES,ez bar
one-arm bent-over row,USES,barbell
high inverted row,USES,bodyweight
barbell shrug,USES,barbell
standing machine calf raise,USES,machine
barbell upright row,USES,barbell
dumbbell shrug,USES,dumbbell
standing one-leg calf raise with dumbbell,USES,dumbbell
cable hip abduction,USES,cable
standing barbell calf raise,USES,barbell
hip abduction machine,USES,machine
weighted pull up,USES,chains
weighted chin up,USES,chains
one arm chin up,USES,bodyweight
razor curl,USES,bodyweight
gironda sternum chin up,USES,bodyweight
nordic hamstring curl (bodyweight),USES,machine
standing cable hamstring curl,USES,cable
pendlay row,USES,barbell
bodyweight single leg deadlift,USES,bodyweight
incline bench press,USES,barbell
banded good morning,USES,bands
ghd back extension,USES,machine
chest supported dumbbell row with isohold,USES,dumbbell
reverse grip bent over row,USES,barbell
smith machine bent-over row,USES,machine
seated dumbbell calf raise,USES,dumbbell
45 degree leg press calf raise,USES,machine
seated calf raise,USES,machine
triple pause chin up,USES,bodyweight
resistance band assisted pull up (from knee),USES,bands
eccentric only pull up,USES,bodyweight
arms only rope climb,USES,rope
grip ball pull ups,USES,other
kettlebell swing,USES,kettle bells
trap bar deadlift,USES,trap bar
band assisted nordic hamstring curl,USES,bands
seated barbell wrist curl,USES,barbell
incline dumbbell bench press,USES,dumbbell
dumbbell bench press,USES,dumbbell
side lying clam,USES,bodyweight
cradle walk,USES,bodyweight
standing glute kickback,USES,machine
meadows row,USES,landmine
t-bar row,USES,barbell
machine t-bar row,USES,machine
kneeling posterior hip capsule mobilization,USES,bodyweight
dumbbell pullover,USES,dumbbell
around the bar chin ups,USES,bodyweight
rope straight arm pull down,USES,cable
wide smith machine squat,USES,machine
v-bar pull down,USES,cable
v-bar pull up,USES,bodyweight
reverse hack squat,USES,machine
dumbbell hamstring curl,USES,dumbbell
stiff leg deadlift,USES,barbell
neutral grip chest supported dumbbell row,USES,dumbbell
barbell hip thrust,USES,barbell
inverted row,USES,bodyweight
hip flexor foam rolling,USES,foam roll
cradle walk to forward lunge,USES,bodyweight
incline bench two arm dumbbell row,USES,dumbbell
standing hip flexion w/ bands,USES,bands
fire hydrant circles,USES,bodyweight
hip flexor lacrosse ball,USES,lacrosse ball
lying psoas march,USES,bands
reverse grip lat pull down (underhand),USES,machine
wide grip lat pull down,USES,machine
romanian deadlift (aka rdl),USES,barbell
pull up,USES,bodyweight
chin up,USES,bodyweight
conventional deadlift,USES,barbell
dumbbell stiff leg deadlift,USES,dumbbell
leg curl,USES,machine
tripod dumbbell row,USES,dumbbell
bent over row,USES,barbell
straight arm lat pull down,USES,cable
bent over dumbbell row,USES,dumbbell
one arm dumbbell row,USES,dumbbell
wide grip pull up,USES,bodyweight
deep squat,USES,barbell
box squat,USES,box
smith machine leg press,USES,machine
lat pull down,USES,cable
close grip lat pull down,USES,cable
barbell hack squat,USES,barbell
hang clean,USES,barbell
sumo squat,USES,barbell
power clean from blocks,USES,barbell
1 kb kettlebell snatch,USES,kettle bells
walking barbell lunge,USES,barbell
narrow stance machine hack squat,USES,machine
split stance cable chop,USES,cable
tall kneeling cable chop,USES,cable
half kneeling cable lift,USES,machine
rollover into v-sits,USES,bodyweight
smith machine deadlift,USES,machine
kettlebell goblet squat,USES,kettle bells
prone quad stretch,USES,bodyweight
tire flip,USES,tire
split stance cable lift,USES,cable
smith machine lunge,USES,machine
off bench oblique hold,USES,other
low cable wood chop,USES,cable
half kneeling cable chop,USES,machine
bodyweight lunge,USES,bodyweight
smith machine squat,USES,machine
muscle snatch,USES,barbell
front squat to bench,USES,barbell
depth jump to hurdle hop,USES,box
seated vertical jump,USES,box
wide stance 45 degree leg press,USES,machine
valslide reverse lunges,USES,valslide
narrow smith machine squat,USES,machine
back squat against chains,USES,chains
1 kb kettlebell push press,USES,kettle bells
one leg barbell squat,USES,barbell
sled push,USES,sled
anti-rotation forward sled walk,USES,sled
overhead banded squat,USES,bands
2 kb kettlebell jerk,USES,kettle bells
valslide lateral lunge,USES,valslide
decline bench barbell lunge,USES,barbell
2 to 1 box jump,USES,box
dumbbell wall squat,USES,dumbbell
1 kettlebell step up,USES,kettle bells
contralateral load dumbbell front lunge,USES,dumbbell
half kneeling quad stretch,USES,bodyweight
depth jump to broad jump,USES,box
superman,USES,bodyweight
belt squat,USES,other
depth jump,USES,box
dumbbell deadlift,USES,dumbbell
narrow stance 45 degree leg press,USES,machine
kettlebell step up,USES,kettle bells
90/90 hip crossover,USES,bodyweight
plie squat,USES,dumbbell
side crunch (aka oblique crunch),USES,bodyweight
bodyweight walking lunge,USES,bodyweight
palmar fascia lacrosse ball,USES,lacrosse ball
smith machine front squat,USES,machine
barbell thruster,USES,barbell
prisoner squat,USES,bodyweight
single leg squat from bench,USES,bench
reverse bodyweight lunge,USES,bodyweight
neck tiger tail,USES,tiger tail
bodyweight jump squat,USES,bodyweight
dumbbell side lunge,USES,dumbbell
bodyweight side lunge,USES,bodyweight
dumbbell split squat,USES,dumbbell
barbell lunge,USES,barbell
dumbbell walking lunge,USES,dumbbell
dumbbell step up,USES,dumbbell
frog squat,USES,dumbbell
front squat,USES,barbell
one leg dumbbell squat (aka dumbbell bulgarian split squat),USES,dumbbell
dumbbell rear lunge,USES,dumbbell
machine hack squat,USES,machine
leg press,USES,machine
dumbbell lunge,USES,dumbbell
dumbbell squat,USES,dumbbell
leg extension,USES,machine
barbell back squat,USES,barbell
dumbbell goblet squat,USES,dumbbell
